case_id,decision_date,occupation,endeavor_type,outcome,dispositive_prong,denial_reasons,reason_summary
39911215,2016-01-21,researcher in the field of thermofluidic systems,researched_academic,dismissed,multiple,P1_NATIONAL_IMPORTANCE_NOT_SHOWN;P2_POSITIONING_INSUFFICIENT,"The AAO found that the Petitioner's endeavor did not demonstrate substantial merit and national importance, and was insufficiently positioned to advance his proposed research in cryofluidic systems."
In Re 40778750,2026-01-01,"member of the professions holding an advanced degree, as well as a national interest waiver",entrepreneur_business_plan,dismissed,1,P1_NATIONAL_IMPORTANCE_NOT_SHOWN,"The AAO found that the Petitioner did not demonstrate national importance for her proposed endeavor, specifically in homecare services."
In Re 40494059,2026-01-01,mechanical engineer researching renewable energy,researcher_academic,dismissed,2,P1_NATIONAL_IMPORTANCE_NOT_SHOWN;P2_POSITIONING_INSUFFICIENT,"The AAO dismissed the appeal because the petitioner could not establish that their proposed endeavor had substantial merit and national importance, nor were they sufficiently positioned to advance it. The record did not show evidence demonstrating the potential for employing U.S. workers or other positive economic effects."
In Re 40638902,2026-01-01,pilot,employed_professional,dismissed,1,P1_NATIONAL_IMPORTANCE_NOT_SHOWN,"The AAO dismissed the appeal because the Petitioner failed to demonstrate that his proposed endeavor had substantial merit and national importance, as required by Dhanasar precedent."
In Re 40784619,2026-01-01,mechanical engineer,researcher_academic,dismissed,multiple,P1_NATIONAL_IMPORTANCE_NOT_SHOWN;P2_PAST_ACHIEVEMENTS_NOT_PROBATIVE;P3_BALANCE_NOT_IN_US_FAVOR,"The AAO found that while the petitioner demonstrated eligibility for EB-2 classification based on their advanced degree in mechanical engineering, they failed to demonstrate both substantial merit and national importance of their proposed endeavor. The evidence provided did not sufficiently show potential impacts beyond individual organizations or clients."
In Re 43487999,2026-01-01,security researcher,employed_professional,dismissed,multiple,P1_NATIONAL_IMPORTANCE_NOT_SHOWN;P2_POSITIONING_INSUFFICIENT;P3_BALANCE_NOT_IN_US_FAVOR,"The AAO found that while the Petitioner qualified for the underlying EB-2 visa classification based on advanced degree, he failed to sufficiently demonstrate that his proposed national interest endeavor had both substantial merit and national importance, thus rejecting the national interest waiver."
In Re 40779080,2026-01-02,researcher,researcher_academic,dismissed,1,P1_NATIONAL_IMPORTANCE_NOT_SHOWN;P1_FIELD_VS_ENDEAVOR_CONFLATION;P3_BALANCE_NOT_IN_US_FAVOR,"The AAO dismissed the appeal, agreeing with the Service Center Operations that the Petitioner did not establish substantial merit and national importance for his proposed endeavor. The endeavor was also conflated with employment, and SCOPS' analysis failed to distinguish between his future research endeavors and those of others in similar fields."
In Re 40530654,2026-01-05,associate attorney,employed_professional,dismissed,1,P1_NATIONAL_IMPORTANCE_NOT_SHOWN;PROCEDURAL_NEW_EVIDENCE_ON_APPEAL,"The AAO found that the Petitioner did not sufficiently demonstrate her proposed endeavor's national importance under the first prong of the Dhanasar analytical framework, and thus did not meet the requirements for a national interest waiver."
In Re 40638906,2026-01-05,artificial intelligence (AI) algorithm developer,employed_professional,remanded,none,EVIDENCE_INSUFFICIENT_CORROBORATION;PROCEDURAL_OTHER,The AAO found insufficient evidence that the Petitioner is well-positioned to advance his endeavor and denied further analysis until more information was provided. The primary reason for withdrawal was that he no longer worked at his claimed employer.
In Re 40797894,2026-01-05,transportation engineer,employed_professional,dismissed,1,P1_NATIONAL_IMPORTANCE_NOT_SHOWN,"The AAO found that the Petitioner did not demonstrate that his endeavor has both substantial merit and national importance, as required by the Dhanasar guidelines."
In Re 40735163,2026-01-05,entrepreneur,other,dismissed,1,P1_NATIONAL_IMPORTANCE_NOT_SHOWN;P1_FIELD_VS_ENDEAVOR_CONFLATION;P1_ECONOMIC_PROJECTIONS_UNSUPPORTED;PROCEDURAL_NEW_EVIDENCE_ON_APPEAL,"The AAO found that the Petitioner did not demonstrate that his proposed endeavor had both substantial merit and national importance, nor could he provide sufficient evidence to support job creation and economic benefits."
In Re 40493938,2026-01-05,civil engineer,employed_professional,dismissed,multiple,P1_NATIONAL_IMPORTANCE_NOT_SHOWN;P2_POSITIONING_INSUFFICIENT;P2_PLAN_VAGUE_OR_NOT_ACTIONABLE;P3_BALANCE_NOT_IN_US_FAVOR,The AAO found that the Petitioner did not establish national importance for his endeavor and was not well-positioned to advance it. They also concluded that waiving labor certification requirements would not benefit the US on balance.
In Re 40528792,2026-01-06,aircraft maintenance technician,employed_professional,dismissed,2,P1_NATIONAL_IMPORTANCE_NOT_SHOWN;P1_FIELD_VS_ENDEAVOR_CONFLATION,"The AAO determined the Petitioner did not meet the standards for being an alien of exceptional ability or having a national interest waiver because his proposed endeavor lacked substantial merit and national importance. The evidence submitted by the Petitioner, while supportive of his leadership in aircraft maintenance, failed to provide clear details on how he would achieve specific aspects of his proposed endeavor and create broader benefits beyond just his own company's workforce."
In Re 40776805,2026-01-06,transportation inspector,employed_professional,dismissed,1,P1_NATIONAL_IMPORTANCE_NOT_SHOWN,"The AAO ruled that the endeavor lacked substantial merit and national importance, failing to demonstrate how it could have significant positive economic effects on the US. The specific details of the proposed endeavor were unclear."
In Re 40795232,2026-01-06,supply chain consultant,employed_professional,dismissed,1,P1_NATIONAL_IMPORTANCE_NOT_SHOWN,"The AAO found that the record did not sufficiently demonstrate the national importance of the proposed endeavor, as required by Dhanasar, thus dismissing the appeal."
In Re 39908547,2026-01-07,computer scientist,employed_professional,dismissed,1,P1_NATIONAL_IMPORTANCE_NOT_SHOWN;P3_BALANCE_NOT_IN_US_FAVOR,The AAO determined that the proposed endeavor did not rise to a level of national importance and that the benefits were too narrowly focused on her current employment. The petitioners burden of proof was insufficient.
In Re 40779142,2026-01-07,researcher in artificial intelligence,researcher_academic,dismissed,multiple,P1_NATIONAL_IMPORTANCE_NOT_SHOWN;P1_FIELD_VS_ENDEAVOR_CONFLATION;P1_ECONOMIC_PROJECTIONS_UNSUPPORTED;P1_DEPRESSED_AREA_ARGUMENT_REJECTED;P1_SHORTAGE_ARGUMENT_REJECTED;P2_POSITIONING_INSUFFICIENT;P2_PLAN_VAGUE_OR_NOT_ACTIONABLE;P3_BALANCE_NOT_IN_US_FAVOR;PROCEDURAL_OTHER,The AAO dismissed the appeal because the Petitioner did not demonstrate that his proposed endeavor had national importance or was well-positioned to advance. The decision also noted that the job offer requirement could be waived on balance.
In Re 40787282,2026-01-07,"individual of exceptional ability in the sciences, arts, or business",employed_professional,dismissed,1,P1_NATIONAL_IMPORTANCE_NOT_SHOWN,
In Re 40783675,2026-01-07,secondary school teacher,employed_professional,dismissed,1,P1_NATIONAL_IMPORTANCE_NOT_SHOWN,"The AAO found that the proposed endeavor did not meet the first prong of the Dhanasar framework, as it could only demonstrate regional benefits and was insufficiently linked to broader impacts on the STEM education field."
In Re 40785416,2026-01-07,cybersecurity researcher,researcher_academic,dismissed,multiple,P1_NATIONAL_IMPORTANCE_NOT_SHOWN;P2_POSITIONING_INSUFFICIENT,"The AAO dismissed the appeal because the petitioner did not demonstrate either substantial merit and national importance of the proposed endeavor or that he was well-positioned to advance it, as required by Dhanasar. The evidence showed limited impact on cybersecurity in autonomous vehicles and insufficient progress towards achieving the endeavor."
In Re 40812344,2026-01-07,member of the professions holding an advanced degree,employed_professional,dismissed,multiple,P1_NATIONAL_IMPORTANCE_NOT_SHOWN;EVIDENCE_INSUFFICIENT_CORROBORATION;PROCEDURAL_OTHER,The AAO found that the Petitioner did not demonstrate she is well positioned to advance her proposed endeavor as required by the second prong of the Dhanasar decision. The evidence provided was insufficient to show her record of success or progress in hematology-oncology research.
In Re 40797600,2026-01-07,attorney specializing in intellectual property and cybercrime,employed_professional,dismissed,1,P1_NATIONAL_IMPORTANCE_NOT_SHOWN;P3_BALANCE_NOT_IN_US_FAVOR,"The AAO found that while the Petitioner's endeavor had substantial merit, it did not show sufficient national importance to warrant a national interest waiver."
In Re 40781776,2026-01-07,entrepreneur in artificial intelligence (Al) powered robotics and control systems,entrepreneur_business_plan,dismissed,multiple,P1_NATIONAL_IMPORTANCE_NOT_SHOWN;P1_FIELD_VS_ENDEAVOR_CONFLATION;P1_ECONOMIC_PROJECTIONS_UNSUPPORTED,"The decision was dismissed as the Petitioner did not meet three out of six criteria required for exceptional ability in the field of artificial intelligence powered robotics and control systems, and the evidence provided did not establish that his endeavor had national importance."
In Re 40797978,2026-01-08,computer science,researcher_academic,remanded,1,,The AAO sustained the appeal because the petition established eligibility for the underlying EB-2 classification but did not meet the burden to demonstrate that the proposed endeavor had both substantial merit and national importance.
In Re 40779215,2026-01-08,Applied Scientist II,employed_professional,dismissed,none,P1_NATIONAL_IMPORTANCE_NOT_SHOWN;P2_POSITIONING_INSUFFICIENT,"The AAO found that the Petitioner has not demonstrated he is well-positioned to advance his proposed endeavor in AI research, thus failing both prongs of Dhanasar."
In Re 40786858,2026-01-08,biomedical engineer,employed_professional,dismissed,2,P2_POSITIONING_INSUFFICIENT,"The AAO found insufficient evidence to demonstrate that the petitioner was well-positioned to advance her proposed biomedical engineering research, which is a critical factor in the Dhanasar second prong analysis."
In Re 40797083,2026-01-09,language education and cultural immersion training business,entrepreneur_business_plan,dismissed,1,P1_NATIONAL_IMPORTANCE_NOT_SHOWN;P1_FIELD_VS_ENDEAVOR_CONFLATION;P1_ECONOMIC_PROJECTIONS_UNSUPPORTED;EVIDENCE_INSUFFICIENT_CORROBORATION,"The AAO dismissed the appeal because the petition failed to establish that the proposed endeavor has both substantial merit and national importance, and the evidence provided did not demonstrate its expected impact on the U.S. economy."
In Re 43197037,2026-01-10,graphic designer,employed_professional,dismissed,1,P1_NATIONAL_IMPORTANCE_NOT_SHOWN,"The AAO ruled that the petitioner's proposed endeavor did not sufficiently show substantial merit and national importance, thus failing to meet the first prong of Dhanasar framework."
In Re 40715843,2026-01-12,accountant,employed_professional,remanded,none,P1_NATIONAL_IMPORTANCE_NOT_SHOWN;P2_POSITIONING_INSUFFICIENT,"The decision was withdrawn because the job offer requirement for the national interest waiver could not be properly analyzed due to misstated details. The AAO ruled that the actual proposed endeavor, which is related to financial consulting and business services, did not meet the Dhanasar analytical framework standards."
In Re 40777913,2026-01-12,senior data analyst,researcher_academic,dismissed,multiple,P1_NATIONAL_IMPORTANCE_NOT_SHOWN;P2_PAST_ACHIEVEMENTS_NOT_PROBATIVE,"The AAO ruled in favor of SCOPS as the record did not establish that the Petitioner is well-positioned to advance his proposed endeavor, particularly given the lack of demonstrable achievements and progress in his field."
In Re 41555381,2026-01-13,machine learning engineer,employed_professional,dismissed,1,P1_NATIONAL_IMPORTANCE_NOT_SHOWN,"The AAO found that the proposed endeavor did not demonstrate national importance, failing to establish substantial merit under the first Dhanasar prong."
In Re 40803358,2026-01-13,SOC system level test product development engineer (Semiconductor),employed_professional,dismissed,1,P1_NATIONAL_IMPORTANCE_NOT_SHOWN;P1_FIELD_VS_ENDEAVOR_CONFLATION,"The AAO determined that the endeavor did not meet the first prong of Dhanasar because it could not demonstrate national importance, despite being in an important field. The Petitioner failed to show how a specific proposed endeavor had broader impact on the semiconductor industry."
In Re 40736904,2026-01-13,software developer,employed_professional,dismissed,1,P1_NATIONAL_IMPORTANCE_NOT_SHOWN;EVIDENCE_INSUFFICIENT_CORROBORATION,The AAO found insufficient evidence demonstrating that the petitioner's AI development work had national importance and positively impacted beyond her current employer.
In Re 40776787,2026-01-13,electrical engineer,researcher_academic,dismissed,1,P1_NATIONAL_IMPORTANCE_NOT_SHOWN;P3_BALANCE_NOT_IN_US_FAVOR;PROCEDURAL_NEW_EVIDENCE_ON_APPEAL,"The AAO found that the Petitioner's proposed endeavor did not demonstrate national importance, and she failed to provide sufficient evidence of potential prospective impacts on various industries and societal issues."
In Re 40765688,2026-01-13,aging services management,employed_professional,dismissed,multiple,P1_NATIONAL_IMPORTANCE_NOT_SHOWN;P1_FIELD_VS_ENDEAVOR_CONFLATION;P1_ECONOMIC_PROJECTIONS_UNSUPPORTED;P2_POSITIONING_INSUFFICIENT,"The AAO dismissed the appeal because the Petitioner could not demonstrate that her proposed work had both substantial merit and national importance, or that she was well-positioned to advance it. The AAO found deficiencies in evidence showing these criteria were met."
In Re 40494340,2026-01-13,graduate student researcher in epidemiology,researcher_academic,dismissed,none,P1_SHORTAGE_ARGUMENT_REJECTED,The AAO found that the Petitioner did not demonstrate well-positioning for her proposed endeavor and failed to establish urgency in the national interest to justify waiving labor certification. The decision was withdrawn due to an error.
40734208,2026-01-13,"systems engineering specialist, entrepreneur in information technology (IT) industry",entrepreneur_business_plan,remanded,1,,The AAO sustained the appeal because SCOPS incorrectly characterized the Petitioner's proposed endeavor and failed to provide a proper analysis in its third prong review. The AAO concluded that SCOPS erred in identifying the proposed endeavor and did not consider the evidence submitted by the Petitioner.
In Re 40764630,2026-01-13,electrical engineer,employed_professional,dismissed,multiple,P1_NATIONAL_IMPORTANCE_NOT_SHOWN;P2_POSITIONING_INSUFFICIENT,"The AAO dismissed the petition because the proposed endeavor lacked substantial merit and national importance, and did not sufficiently demonstrate that the petitioner was well-positioned to advance the endeavor. The specific issues were the lack of evidence showing how the endeavor would have national or global implications within a particular field like electrical engineering."
In Re 40764788,2026-01-14,member of the professions holding an advanced degree or an alien of exceptional ability,other,dismissed,multiple,P1_NATIONAL_IMPORTANCE_NOT_SHOWN;P2_POSITIONING_INSUFFICIENT,The AAO dismissed the appeal because the evidence did not demonstrate the national importance of the proposed endeavor and the individual was not well-positioned to advance it.
40777202,2026-01-14,software development manager,employed_professional,remanded,none,EVIDENCE_INSUFFICIENT_CORROBORATION,The AAO ruled remanded due to insufficient explanations for SCOPS' decision on the translation certifications and lack of rationale in denying the visa petition.
In Re 40638990,2026-01-14,electrical and computer engineer,researcher_academic,dismissed,multiple,P1_NATIONAL_IMPORTANCE_NOT_SHOWN;P2_POSITIONING_INSUFFICIENT,The AAO ruled the endeavor lacked substantial national importance and the petitioner was not well-positioned to advance it. The evidence provided did not demonstrate how his research would benefit industry or address national needs.
In Re 40777056,2026-01-14,"member of the professions holding an advanced degree, postdoctoral associate in electrical engineering",employed_professional,dismissed,multiple,P1_NATIONAL_IMPORTANCE_NOT_SHOWN;P1_FIELD_VS_ENDEAVOR_CONFLATION;P1_ECONOMIC_PROJECTIONS_UNSUPPORTED;P2_POSITIONING_INSUFFICIENT;P2_PLAN_VAGUE_OR_NOT_ACTIONABLE;P3_BALANCE_NOT_IN_US_FAVOR,"The AAO found that while the Petitioner's proposed research had potential merit and national importance, his work was not sufficiently advanced or successful to demonstrate that it is well-positioned to advance his proposed endeavor. Additionally, there was insufficient evidence showing a balance in favor of waiving the labor certification requirement."
In Re 40777557,2026-01-15,Engineer in Training,employed_professional,dismissed,multiple,P1_NATIONAL_IMPORTANCE_NOT_SHOWN;P2_POSITIONING_INSUFFICIENT,"The AAO found that the Petitioner did not establish the second and third prongs of the Dhanasar analytical framework. The endeavor lacked substantial merit, the individual was not well-positioned to advance it, and even assuming other qualified U.S. workers were available, the research contributions would not outweigh the benefits of the labor certification process."
In Re 40777188,2026-01-20,applied scientist,employed_professional,dismissed,1,P1_NATIONAL_IMPORTANCE_NOT_SHOWN,The AAO dismissed the appeal because the Petitioner failed to demonstrate that his proposed endeavor had both substantial merit and national importance as required by the Dhanasar framework.
In Re 40777060,2026-01-20,aerospace engineer and robotics researcher,employed_professional,dismissed,none,P1_NATIONAL_IMPORTANCE_NOT_SHOWN;P2_POSITIONING_INSUFFICIENT,"The AAO found that while the endeavor had merit and was deemed important, the petitioner failed to demonstrate he is well-positioned to advance it. Additionally, SCOPS argued there wasn't sufficient evidence showing the endeavor's contributions outweigh the benefits of labor certification."
In Re 40780405,2026-01-20,musician and music educator,employed_professional,remanded,multiple,P1_NATIONAL_IMPORTANCE_NOT_SHOWN;P2_POSITIONING_INSUFFICIENT;P3_BALANCE_NOT_IN_US_FAVOR,"The AAO found SCOPS' decision insufficient and vague, particularly regarding how evidence supports national importance. The AAO also noted deficiencies in assessing the Petitioner's position and balance of benefits."
In Re 40777140,2026-01-20,Senior lead consultant,employed_professional,dismissed,none,P1_ECONOMIC_IMPACT_INSUFFICIENT,"The AAO found that the Petitioner did not sufficiently demonstrate his salary or other remuneration in a way that reflected exceptional ability, and also failed to provide clear evidence of recognition for achievements and significant contributions to the industry."
In Re 40680878,2026-01-20,veterinarian and entrepreneur in the field of veterinary medicine,entrepreneur_business_plan,dismissed,none,P1_NATIONAL_IMPORTANCE_NOT_SHOWN,"The AAO dismissed the appeal because the petitioner failed to establish that his proposed endeavor had national importance, despite submitting a business plan and expert opinions. The decision focused on SCOPS's failure to discuss all the provided evidence in its decision."
In Re 40798646,2026-01-20,artificial intelligence (Al) manufacturer,employed_professional,dismissed,1,P1_NATIONAL_IMPORTANCE_NOT_SHOWN;P3_BALANCE_NOT_IN_US_FAVOR,The AAO dismissed the appeal because the evidence did not establish national importance for the proposed endeavor. The Petitioner provided insufficient detail regarding potential national impacts beyond the scope of her employer.
In Re 40796220,2026-01-20,member of the professions holding an advanced degree in actuarial sciences,employed_professional,dismissed,1,P1_NATIONAL_IMPORTANCE_NOT_SHOWN;EVIDENCE_INSUFFICIENT_CORROBORATION;PROCEDURAL_OTHER,The AAO sustained the appeal because the Petitioner failed to establish that his proposed endeavor had significant potential impact on the U.S. economy or retirement system.
In Re 40156093,2026-01-21,senior research scientist,researcher_academic,dismissed,1,P1_NATIONAL_IMPORTANCE_NOT_SHOWN;EVIDENCE_INSUFFICIENT_CORROBORATION,"The AAO found that the proposed endeavor did not have substantial merit and national importance as required by Dhanasar, thus denying the national interest waiver."
In Re 39909677,2026-01-21,entrepreneur,other,dismissed,multiple,P1_NATIONAL_IMPORTANCE_NOT_SHOWN;P2_POSITIONING_INSUFFICIENT,"The AAO dismissed the appeal because the Petitioner failed to establish that her endeavor had substantial merit and national importance, as well as that she was well-positioned to advance it. The effort to address a national crisis in oral health did not provide evidence of broader impact or demonstrate significant benefits extending beyond her intended clients."
In Re 40777203,2026-01-21,physical chemist,researcher_academic,dismissed,1,P1_NATIONAL_IMPORTANCE_NOT_SHOWN,"The AAO ruled that the proposed endeavor does not have significant national importance, as demonstrated by insufficient evidence of broader impact on the industry and failure to address potential economic benefits."
In Re 40778170,2026-01-21,neuroscience researcher,researcher_academic,sustained,multiple,,"The AAO found that the Petitioner's proposed endeavor had substantial merit and national importance, as evidenced by her extensive experience with chronic pain research, published work, and citations. Additionally, she demonstrated a well-positioned ability to advance her endeavor through her education, skills, and record of success in related projects."
In Re 40777642,2026-01-21,business administrator,employed_professional,remanded,multiple,,"The AAO found that SCOPS' decision was based on several misrepresentations of the record, lacked sufficient explanation for denial, did not provide a fair opportunity for appeal, and thus withdrew the decision."
"In Re 40794635, JAN. 21, 2026",2026-01-21,clinical trials specialist,employed_professional,dismissed,multiple,P1_NATIONAL_IMPORTANCE_NOT_SHOWN;P2_POSITIONING_INSUFFICIENT;P3_BALANCE_NOT_IN_US_FAVOR;EVIDENCE_GENERIC_LETTERS;PROCEDURAL_OTHER,"The AAO found that the Petitioner did not demonstrate that his endeavor had national importance and was not sufficiently positioned to advance it. The evidence submitted by the Petitioner, while mentioning various articles about healthcare disparities, failed to show how his AI-driven clinical research platform could have broader implications beyond his business itself."
In Re 40795125,2026-01-21,software engineer,employed_professional,dismissed,multiple,P1_NATIONAL_IMPORTANCE_NOT_SHOWN;P2_POSITIONING_INSUFFICIENT,"The AAO dismissed the petition because the Petitioner did not demonstrate that his proposed endeavor had substantial merit and national importance or that he was well-positioned to advance it. The record showed limited detail about how his work would impact a broader industry, region, or nation."
In Re 40734187,2026-01-21,environmental engineer and entrepreneur,entrepreneur_business_plan,dismissed,multiple,P1_NATIONAL_IMPORTANCE_NOT_SHOWN;P2_POSITIONING_INSUFFICIENT;PROCEDURAL_NEW_EVIDENCE_ON_APPEAL,The AAO dismissed the appeal because the Petitioner could not demonstrate national importance and positioning within his endeavor without additional supporting evidence.
In Re 40734360,2026-01-22,"Science, Technology, Engineering and Mathematics (STEM) education",entrepreneur_business_plan,dismissed,none,P1_NATIONAL_IMPORTANCE_NOT_SHOWN;EVIDENCE_INSUFFICIENT_CORROBORATION,"The AAO ruled that the Petitioner failed to demonstrate that his proposed endeavor had both substantial merit and national importance, as well as fail to establish sufficient evidence for his job creation and revenue projections."
In Re 40794877,2026-01-22,event planner and coordinator,other,dismissed,1,P1_NATIONAL_IMPORTANCE_NOT_SHOWN;P2_POSITIONING_INSUFFICIENT;P2_PLAN_VAGUE_OR_NOT_ACTIONABLE,"The AAO found that the evidence did not demonstrate national importance and lacked substantial proof of economic benefits, leading to the dismissal of the appeal."
In Re 40788324,2026-01-22,"Senior Principal Engineer, Machine Learning",employed_professional,dismissed,multiple,P1_NATIONAL_IMPORTANCE_NOT_SHOWN;P2_POSITIONING_INSUFFICIENT;P3_BALANCE_NOT_IN_US_FAVOR,"The AAO concluded that the proposed endeavor did not have substantial merit or national importance, and the Petitioner was not well-positioned to advance it. Additionally, the benefits of waiving the job offer requirement were deemed insufficient compared to the labor certification process's inherent protections for U.S. workers."
In Re 40794683,2026-01-22,Senior manager of data science,employed_professional,dismissed,1,P1_NATIONAL_IMPORTANCE_NOT_SHOWN,"The AAO found that the Petitioner did not demonstrate that her research had significant national importance, and therefore did not meet the first prong of Dhanasar framework."
In Re 40794662,2026-01-22,Senior software engineer,employed_professional,dismissed,multiple,P1_NATIONAL_IMPORTANCE_NOT_SHOWN;P1_DEPRESSED_AREA_ARGUMENT_REJECTED;P3_BALANCE_NOT_IN_US_FAVOR,"The AAO dismissed the appeal because the Petitioner did not demonstrate that his work was nationally important or sufficiently well-positioned to advance the proposed endeavor, and there were issues with the balance of benefits."
In Re 40859238,2026-01-22,,,dismissed,none,P1_SHORTAGE_ARGUMENT_REJECTED,The AAO ruled that establishing the national interest waiver was impossible due to the failure to prove job availability through labor certification.
In Re 40794654,2026-01-23,research and development engineer,employed_professional,dismissed,multiple,P1_NATIONAL_IMPORTANCE_NOT_SHOWN;P1_FIELD_VS_ENDEAVOR_CONFLATION;P1_ECONOMIC_PROJECTIONS_UNSUPPORTED;P1_DEPRESSED_AREA_ARGUMENT_REJECTED,"The AAO found that while the endeavor had substantial merit and national importance, the Petitioner could not show he was well-positioned to advance it. The AAO also noted that there was insufficient evidence supporting the assertion that waiving the job offer requirement would be beneficial to the United States."
In Re 37178144,2026-01-23,civil engineering,entrepreneur_business_plan,dismissed,1,P1_NATIONAL_IMPORTANCE_NOT_SHOWN;P1_FIELD_VS_ENDEAVOR_CONFLATION;P2_POSITIONING_INSUFFICIENT;EVIDENCE_INSUFFICIENT_CORROBORATION,"The AAO found that the Petitioner's proposed endeavor failed to demonstrate significant national importance, as evidenced by insufficient corroborating evidence and a lack of credible support for its potential impacts on the construction industry and U.S. economy."
In Re 40777640,2026-01-28,construction project manager,employed_professional,dismissed,multiple,P1_NATIONAL_IMPORTANCE_NOT_SHOWN;EVIDENCE_GENERIC_LETTERS;PROCEDURAL_NEW_EVIDENCE_ON_APPEAL,"The AAO found that the petition did not demonstrate that the proposed endeavor had both substantial merit and national importance, nor could it show well-positioning for advancement or that waiving the job offer requirement would benefit the US."
In Re 40812426,2026-01-28,data scientist,employed_professional,dismissed,1,P1_NATIONAL_IMPORTANCE_NOT_SHOWN,"The AAO determined that the proposed endeavor of continuing to work as a principal data scientist and developing new algorithms, data mapping systems, and text-embedding tools did not demonstrate national importance. The record lacked sufficient information to show broader impact on the finance, healthcare, and e-commerce sectors."
In Re 40778088,2026-01-28,"Individual of exceptional ability in the sciences, arts, or business",,dismissed,multiple,P1_NATIONAL_IMPORTANCE_NOT_SHOWN;EVIDENCE_INSUFFICIENT_CORROBORATION;PROCEDURAL_OTHER,The AAO found that the petitioner did not sufficiently demonstrate a degree of exceptional ability and that her achievements and contributions were insufficient to meet the criteria for EB-2 classification.
In Re 40780656,2026-01-28,quality control manager,employed_professional,dismissed,1,P1_NATIONAL_IMPORTANCE_NOT_SHOWN;EVIDENCE_GENERIC_LETTERS;EVIDENCE_INSUFFICIENT_CORROBORATION,"The AAO dismissed the appeal because the record did not sufficiently demonstrate how the proposed quality control manager position could have broader implications rising to the level of national importance, leading to a dismissal of the petition for a National Interest Waiver."
In Re 40002263,2026-01-28,"machine learning scientist, quantitative and computational biosciences",researched_professional,dismissed,1,P1_NATIONAL_IMPORTANCE_NOT_SHOWN;P2_POSITIONING_INSUFFICIENT,"The AAO determined that the Petitioner did not establish his proposed endeavor had national importance and he was not well-positioned to advance it, failing both Dhanasar's first and second prongs."
In Re 40719593,2026-01-28,senior SoC researcher and architect,employed_professional,dismissed,multiple,P1_NATIONAL_IMPORTANCE_NOT_SHOWN;P2_POSITIONING_INSUFFICIENT;PROCEDURAL_OTHER,"The AAO dismissed the appeal because the Petitioner failed to demonstrate substantial merit and national importance, well-positioning for advancement, or that waiving the job offer would benefit the United States."
In Re 40705056,2026-01-28,computer scientist,researcher_academic,remanded,multiple,P1_SHORTAGE_ARGUMENT_REJECTED;P1_DEPRESSED_AREA_ARGUMENT_REJECTED,The AAO found that SCOPS did not adequately analyze the national importance of the Petitioner's proposed endeavor and was unclear whether the Petitioner is well-positioned to advance it. The decision also noted a typographical error in SCOPS' determination.
In Re 40777279,2026-01-28,"chief executive, electrical engineering",entrepreneur_business_plan,dismissed,1,P1_NATIONAL_IMPORTANCE_NOT_SHOWN,"The AAO ruled that the Petitioner did not sufficiently demonstrate the national importance of his proposed endeavor, as required by the first prong of the Dhanasar analytical framework. The Petitioner’s projected financial information lacked detail and support for job creation and revenue projections."
In Re 40816041,2026-01-29,optical science engineer,employed_professional,dismissed,multiple,P1_NATIONAL_IMPORTANCE_NOT_SHOWN;P2_POSITIONING_INSUFFICIENT;EVIDENCE_INSUFFICIENT_CORROBORATION,"The AAO ruled against the Petitioner because they could not establish that the proposed endeavor had substantial merit and national importance, or that the individual was well-positioned to advance the endeavor outside of full-time employment. The AAO also found insufficient evidence supporting interest from potential investors or other relevant entities."
In Re 40888704,2026-01-29,business executive,entrepreneur_business_plan,dismissed,1,P1_NATIONAL_IMPORTANCE_NOT_SHOWN;EVIDENCE_INSUFFICIENT_CORROBORATION,"The AAO found that the record did not establish how the proposed endeavor might have significant national importance or substantial economic effects, leading to a dismissal."
In Re 40527014,2026-01-29,veterinary pathologist,employed_professional,dismissed,1,P1_NATIONAL_IMPORTANCE_NOT_SHOWN;P1_DEPRESSED_AREA_ARGUMENT_REJECTED;P2_POSITIONING_INSUFFICIENT,"The AAO found that the Petitioner did not establish she is an advanced degree professional or meets the second prong of the Dhanasar framework, leading to her appeal being dismissed."
In Re 40858703,2026-01-29,member of the professions holding an advanced degree or as an individual of exceptional ability,other,dismissed,none,P1_NATIONAL_IMPORTANCE_NOT_SHOWN,"The AAO dismissed the motion to reconsider because the evidence did not support a finding of eligibility, particularly in terms of national importance for her proposed endeavor."
In Re 40874814,2026-01-30,member of the professions holding an advanced degree (ML engineer),employed_professional,dismissed,1,P1_NATIONAL_IMPORTANCE_NOT_SHOWN;EVIDENCE_INSUFFICIENT_CORROBORATION,"The AAO determined that while the proposed endeavor had substantial merit, it did not demonstrate national importance due to insufficient evidence showing its broader impacts on the field or industry."
In Re 40795378,2026-01-30,business operations specialist,employed_professional,dismissed,1,P1_NATIONAL_IMPORTANCE_NOT_SHOWN,"The AAO found the proposed endeavor has no national importance as it lacks details about its impact and potential to create U.S. jobs, and the Petitioner did not provide sufficient evidence of his ability to advance the specific endeavor."
In Re 40928801,2026-01-30,psychologist,employed_professional,dismissed,1,P1_NATIONAL_IMPORTANCE_NOT_SHOWN;P2_POSITIONING_INSUFFICIENT;P3_BALANCE_NOT_IN_US_FAVOR,The AAO determined that the proposed endeavor did not demonstrate substantial merit and national importance as required by Dhanasar precedent and found insufficient evidence of its impact on employment and economic activity.
In Re 40955822,2026-02-02,mechanical engineer,employed_professional,dismissed,1,P1_NATIONAL_IMPORTANCE_NOT_SHOWN,"The AAO found that the proposed endeavor did not demonstrate national importance and on balance, it would not benefit the United States to waive the job offer requirement."
In Re 40796111,2026-02-02,formulation scientist,employed_professional,dismissed,none,P1_NATIONAL_IMPORTANCE_NOT_SHOWN;P2_POSITIONING_INSUFFICIENT,"The AAO found that the Petitioner failed to demonstrate the national importance and position to advance the proposed endeavor, thus waiving the job offer requirement would not benefit the United States."
In Re 40736130,2026-02-02,machine learning software engineer,researcher_academic,dismissed,1,P1_NATIONAL_IMPORTANCE_NOT_SHOWN,"The AAO determined that the Petitioner's proposed endeavor did not demonstrate substantial merit and national importance, failing to establish how it would impact a broader field or have significant economic effects."
In Re 40533891,2026-02-02,machine learning engineer,researcher_academic,dismissed,multiple,P1_NATIONAL_IMPORTANCE_NOT_SHOWN;P2_POSITIONING_INSUFFICIENT,"The AAO found that the Petitioner did not sufficiently demonstrate national importance for his proposed endeavor, nor was he well-positioned to advance it independently. The Petitioner's research was mainly focused on his existing employment and lacked independent evidence of its potential impact beyond his immediate work."
In Re 41000866,2026-02-02,optical imaging engineer,employed_professional,dismissed,2,P2_POSITIONING_INSUFFICIENT,"The AAO found that the petitioner was not well-positioned to advance his proposed endeavor, specifically in terms of lacking concrete evidence demonstrating progress towards achieving the proposed endeavor and interest from relevant entities."
In Re 40767871,2026-02-02,"human resources partner, human resource management",employed_professional,dismissed,1,P1_NATIONAL_IMPORTANCE_NOT_SHOWN,"The AAO dismissed the appeal because the Petitioner failed to demonstrate that the Beneficiary's proposed endeavor had national importance, which is required under the first prong of Dhanasar's analytical framework."
In Re 41018270,2026-02-02,global operations and maintenance manager,employed_professional,dismissed,1,P1_NATIONAL_IMPORTANCE_NOT_SHOWN,"The AAO found that the Petitioner did not show how her proposed endeavor would have broader impacts beyond her organization and clients, which is required under Dhanasar's first prong for a national interest waiver."
In Re 41018025,2026-02-02,digital product technical consultant,employed_professional,dismissed,1,P1_NATIONAL_IMPORTANCE_NOT_SHOWN;PROCEDURAL_NEW_EVIDENCE_ON_APPEAL,"The AAO ruled that the Petitioner's proposed endeavor did not have national importance, as evidenced by insufficient support for its potential impact and economic benefits on the U.S. healthcare system or economy."
In Re 41016013,2026-02-03,civil engineer,employed_professional,dismissed,none,P1_NATIONAL_IMPORTANCE_NOT_SHOWN;EVIDENCE_INSUFFICIENT_CORROBORATION,The USCIS denied the petition as the evidence did not establish that the proposed endeavor had national importance and was well-positioned to advance. The AAO agreed with this assessment but found no need to reach other Dhanasar prongs.
In Re 40861238,2026-02-03,global public health policy and systems researcher,researcher_academic,dismissed,1,P1_NATIONAL_IMPORTANCE_NOT_SHOWN;P1_FIELD_VS_ENDEAVOR_CONFLATION;P2_POSITIONING_INSUFFICIENT,"The AAO found that the proposed endeavor did not meet the first prong of Dhanasar's framework, which requires showing substantial merit and national importance. The endeavor was deemed to lack both in terms of its potential impact on the industry and its prospective economic effects."
In Re 40795704,2026-02-03,electrical engineer,employed_professional,remanded,multiple,,"The AAO upheld the decision because it found evidence supporting both the substantial merit and national importance of the proposed endeavor, as well as the alien's ability to advance this endeavor. The AAO also concluded that on balance, waiving the job offer requirement would benefit the United States."
In Re 41002676,2026-02-03,lawyer and entrepreneur,entrepreneur_business_plan,dismissed,1,P1_NATIONAL_IMPORTANCE_NOT_SHOWN;P1_FIELD_VS_ENDEAVOR_CONFLATION,The AAO determined that the Petitioner's proposed endeavor did not meet the first prong of Dhanasar analysis (substantial merit and national importance) as it did not demonstrate a substantial impact beyond his firm's clients to broader fields or industries.
In Re 40777990,2026-02-04,engineer and researcher,researched_academic,dismissed,multiple,P1_NATIONAL_IMPORTANCE_NOT_SHOWN;P2_POSITIONING_INSUFFICIENT,"The AAO dismissed the appeal because the Petitioner could not demonstrate that her proposed endeavor had both substantial merit and national importance, nor was she well-positioned to advance it. The decision focused on a lack of detail regarding her proposed research and failure to establish its broader implications or interest from relevant entities."
In Re 40376102,2026-02-04,researcher,researcher_academic,dismissed,none,P1_NATIONAL_IMPORTANCE_NOT_SHOWN;P2_POSITIONING_INSUFFICIENT;PROCEDURAL_NEW_EVIDENCE_ON_APPEAL,"The AAO found that the Petitioner materially changed his proposed endeavor between initial filing and Response to Request for Evidence, making it impossible to determine if he qualified for a National Interest Waiver under Dhanasar guidelines."
In Re 41000441,2026-02-04,computer science researcher,researcher_academic,dismissed,1,P1_DEPRESSED_AREA_ARGUMENT_REJECTED;P2_POSITIONING_INSUFFICIENT,"The AAO dismissed the appeal because the Petitioner failed to establish that her proposed endeavor has both substantial merit and national importance, and she is well-positioned to advance the endeavor. The evidence did not sufficiently demonstrate these criteria."
In Re 40987029,2026-02-04,member of the professions holding an advanced degree (Ph.D.),researcher_academic,dismissed,multiple,P1_NATIONAL_IMPORTANCE_NOT_SHOWN;P2_POSITIONING_INSUFFICIENT,"The AAO found that the Petitioner's research does not meet the second prong of Dhanasar, which requires demonstrating she is 'well-positioned to advance their proposed endeavor.' The AAO did not consider evidence regarding national importance as dispositive."
In Re 40814369,2026-02-05,informatics,research_academic,dismissed,multiple,P1_NATIONAL_IMPORTANCE_NOT_SHOWN;P2_POSITIONING_INSUFFICIENT;EVIDENCE_INSUFFICIENT_CORROBORATION,"The AAO found that the Petitioner did not establish national importance for her proposed endeavor, focusing on the insufficient evidence of its potential impact and lack of specific details supporting the claims."
In Re 41384889,2026-02-05,music therapist,employed_professional,dismissed,1,P1_NATIONAL_IMPORTANCE_NOT_SHOWN,"The AAO found that the Petitioner failed to demonstrate that her proposed endeavor had both substantial merit and national importance, thus failing the first prong of the Dhanasar test for a national interest waiver."
In Re 40799425,2026-02-05,computer scientist,researcher_academic,sustained,multiple,,"The AAO upheld the appeal, finding that the Petitioner established eligibility for both the underlying EB-2 visa classification and the national interest waiver. The decision addressed issues related to 'substantial merit' and 'well-positioned to advance,' while also considering whether waiving the job offer requirement would benefit the US on balance."
In Re 40779583,2026-02-05,financial engineer,employed_professional,dismissed,1,P1_NATIONAL_IMPORTANCE_NOT_SHOWN,"The AAO found that the Petitioner did not establish his proposed endeavor has both substantial merit and national importance, nor was there sufficient evidence to support its potential economic impact on the US."
In Re 40777424,2026-02-05,electrical engineer,employed_professional,dismissed,1,P1_NATIONAL_IMPORTANCE_NOT_SHOWN,"The AAO dismissed the appeal because it found that the proposed endeavor's national importance was not established, as there was insufficient evidence of its potential impact on semiconductor technology and AI race."
In Re 40780163,2026-02-05,human resources specialist,employed_professional,dismissed,1,P1_NATIONAL_IMPORTANCE_NOT_SHOWN,"The AAO dismissed the appeal because the Petitioner failed to establish that her proposed endeavor has national importance, as required by the first prong of the Dhanasar framework. The business plan did not provide sufficient evidence to show the extent and impact of potential economic benefits in an economically depressed area."
In Re 41003137,2026-02-05,member of the professions holding an advanced degree,employed_professional,dismissed,1,P1_NATIONAL_IMPORTANCE_NOT_SHOWN;P2_POSITIONING_INSUFFICIENT,"The AAO found the Petitioner did not establish that his proposed endeavor has both substantial merit and national importance, as well as that he is well-positioned to advance this endeavor."
In Re 41327901,2026-02-05,"member of the professions holding an advanced degree, as well as a national interest waiver",employed_professional,dismissed,1,P1_NATIONAL_IMPORTANCE_NOT_SHOWN,The AAO found that the proposed endeavor did not sufficiently demonstrate national importance and therefore denied the petition.
41216346,2026-02-06,supply chain manager,employed_professional,remanded,multiple,P1_NATIONAL_IMPORTANCE_NOT_SHOWN;P1_FIELD_VS_ENDEAVOR_CONFLATION;P2_POSITIONING_INSUFFICIENT,"The Administrative Appeals Office (AAO) determined that SCOPS' decision improperly characterized the Petitioner's proposed endeavor, conflated it with a different individual throughout the denial, and failed to consider or analyze specific evidence submitted by the Petitioner."
In Re 40987970,2026-02-06,"member ofthe professions holding an advanced degree, as well as a national interest waiver of the job offer requirement attached to this classification",employed_professional,dismissed,1,P1_NATIONAL_IMPORTANCE_NOT_SHOWN,"The AAO found that the Petitioner did not sufficiently establish the proposed endeavor's potential prospective impact on a broader scale, which was required to meet the first prong of the Dhanasar analytical framework."
In Re 41003214,2026-02-06,transportation engineer,researcher_academic,remanded,none,P1_NATIONAL_IMPORTANCE_NOT_SHOWN;EVIDENCE_INSUFFICIENT_CORROBORATION,The AAO found that SCOPS mischaracterized the record and did not sufficiently demonstrate the national importance of the research. The decision lacked sufficient explanation for denying the petition.
In Re 41108523,2026-02-06,,,dismissed,none,PROCEDURAL_NEW_EVIDENCE_ON_APPEAL,"The AAO dismissed the motion to reconsider because it did not demonstrate that our previous decision was based on an incorrect application of law or policy and also did not include arguments for a national interest waiver, which were already considered."
In Re 41003637,2026-02-06,occupational health and safety professional,employed_professional,dismissed,1,P1_NATIONAL_IMPORTANCE_NOT_SHOWN;P1_DEPRESSED_AREA_ARGUMENT_REJECTED;EVIDENCE_INSUFFICIENT_CORROBORATION,"The AAO found the proposed endeavor did not establish substantial merit in terms of its potential national importance, despite noting it had potential impacts on various government initiatives. The Petitioner was unable to provide specific details or evidence demonstrating how his consulting company would significantly impact workplace safety and economic effects."
In Re 40211929,2026-02-09,computer science,employed_professional,dismissed,multiple,P1_NATIONAL_IMPORTANCE_NOT_SHOWN;P2_PLAN_VAGUE_OR_NOT_ACTIONABLE,"The AAO found insufficient evidence demonstrating the Petitioner's position and progress in advancing the proposed endeavor, as outlined in Dhanasar v. INS (1976), leading to a dismissal of the appeal."
In Re 41165048,2026-02-09,airline operator/manager,employed_professional,dismissed,none,P1_NATIONAL_IMPORTANCE_NOT_SHOWN;P1_FIELD_VS_ENDEAVOR_CONFLATION;P1_DEPRESSED_AREA_ARGUMENT_REJECTED;P1_SHORTAGE_ARGUMENT_REJECTED,The AAO dismissed the motion because the Petitioner could not demonstrate that the Beneficiary qualifies for the EB-2 classification as an individual of exceptional ability due to insufficient evidence meeting the required criteria.
In Re 40987782,2026-02-09,"entrepreneur, general and operations manager",entrepreneur_business_plan,dismissed,1,P1_NATIONAL_IMPORTANCE_NOT_SHOWN;P1_FIELD_VS_ENDEAVOR_CONFLATION;P1_ECONOMIC_PROJECTIONS_UNSUPPORTED;EVIDENCE_INSUFFICIENT_CORROBORATION,"The AAO found the proposed endeavor lacks national importance, and job projections are insufficiently supported. The Petitioner’s arguments on industry support and HUBZone impact were not considered sufficient to establish national importance."
In Re 41107908,2026-02-10,financial analyst,employed_professional,dismissed,none,P1_NATIONAL_IMPORTANCE_NOT_SHOWN,"The AAO found no new facts to warrant reopening the proceedings, as the case had been previously dismissed for failing to demonstrate eligibility by a preponderance of evidence. The decision was based on previous rulings that established the preponderance of evidence standard and did not allow re-adjudication."
In Re 40164430,2026-02-10,Information Technology (IT) specialist and entrepreneur,entrepreneur_business_plan,dismissed,1,P1_NATIONAL_IMPORTANCE_NOT_SHOWN,"The AAO ruled that the Petitioner failed to establish the national importance of his proposed endeavor, a key requirement for establishing prong one of Dhanasar’s framework."
In Re 40776893,2026-02-10,sustainable design consultant,employed_professional,dismissed,1,P1_NATIONAL_IMPORTANCE_NOT_SHOWN,"The AAO dismissed the appeal because the petitioner could not demonstrate that her proposed endeavor had national importance, which was necessary under the Dhanasar framework for a national interest waiver."
In Re 41053074,2026-02-10,senior petroleum engineer,employed_professional,dismissed,1,P1_NATIONAL_IMPORTANCE_NOT_SHOWN,"The AAO found the proposed endeavor did not have substantial national importance, and thus the Petitioner failed to meet the first prong of Dhanasar's analytical framework."
In Re 41199389,2026-02-11,,,dismissed,none,,"The AAO dismissed the motion to reconsider because the petitioner could not demonstrate that the prior decision was based on an incorrect application of law, despite arguing for misapplication."
In Re 40945042,2026-02-12,climate change policy analyst,employed_professional,remanded,none,PROCEDURAL_NEW_EVIDENCE_ON_APPEAL,"The AAO upheld the petition but remanded it because SCOPS failed to properly consider the new evidence provided by the Petitioner regarding the originality of the signatures on her Form 1-140, Form 1-907, and Form G-28. The AAO acknowledged that in some instances a photocopy of an original signature is acceptable, but SCOPS did not provide sufficient evidence to confirm that these signatures were indeed originals."
In Re 40102563,2026-02-12,attorney,employed_professional,dismissed,multiple,P1_NATIONAL_IMPORTANCE_NOT_SHOWN;P2_POSITIONING_INSUFFICIENT;P3_BALANCE_NOT_IN_US_FAVOR;EVIDENCE_INSUFFICIENT_CORROBORATION,The AAO ruled that the Petitioner did not meet the first prong of Dhanasar framework due to insufficient evidence showing national importance and positioning for success. The remaining prongs were reserved.
In Re 41184638,2026-02-12,chief executive officer for an agribusiness company,entrepreneur_business_plan,dismissed,none,P1_NATIONAL_IMPORTANCE_NOT_SHOWN,"The AAO dismissed the motion to reconsider because the petition failed to demonstrate how its updated business plan could establish national importance, despite previous admissions of flaws in the original plan."
In Re 41000282,2026-02-12,consultant seeking to improve production and efficiency in the U.S. electric-vehicle (EV) industry,employed_professional,dismissed,multiple,P1_NATIONAL_IMPORTANCE_NOT_SHOWN;P1_FIELD_VS_ENDEAVOR_CONFLATION;P1_ECONOMIC_PROJECTIONS_UNSUPPORTED;P2_POSITIONING_INSUFFICIENT,"The AAO dismissed the appeal because the evidence did not demonstrate that the proposed endeavor had significant national importance. The decision focused on issues such as the failure to show broad impact on a field or region, lack of specific detail about the consulting firm's potential benefits, and reliance on outdated terminology."
In Re 41160903,2026-02-13,chemical engineer,researcher_academic,dismissed,multiple,P2_POSITIONING_INSUFFICIENT;P2_PLAN_VAGUE_OR_NOT_ACTIONABLE,"The AAO sustained the appeal because the Petitioner did not provide sufficient evidence to show that his proposed endeavor had both substantial merit and national importance, nor was he well-positioned to advance it. The AAO also found issues with the clarity of the proposed endeavor and the lack of concrete plans or progress towards achieving it."
"In Re 40776849, FEB. 13, 2026",2026-02-13,forecasting and data analysis researcher,researcher_academic,dismissed,multiple,P1_NATIONAL_IMPORTANCE_NOT_SHOWN;P1_FIELD_VS_ENDEAVOR_CONFLATION;P1_ECONOMIC_PROJECTIONS_UNSUPPORTED;P2_POSITIONING_INSUFFICIENT,"The AAO dismissed the appeal because the Petitioner failed to demonstrate that his endeavor had substantial merit and national importance, and he was not well-positioned to advance it. The decision also found issues with insufficient evidence supporting the proposed endeavor's value and the benefits of waiving labor certification."
In Re 41433366,2026-02-13,mechanical engineer,employed_professional,dismissed,none,P1_NATIONAL_IMPORTANCE_NOT_SHOWN;P1_FIELD_VS_ENDEAVOR_CONFLATION,
In Re 40999728,2026-02-13,postdoctoral researcher,researcher_academic,dismissed,multiple,P1_NATIONAL_IMPORTANCE_NOT_SHOWN;P2_PLAN_VAGUE_OR_NOT_ACTIONABLE,"The AAO ruled that the petitioner did not meet the 'well-positioned' requirement for a national interest waiver, as evidenced by insufficient documentation of her work influencing the field and lack of evidence supporting her model or plan. The petitioner was also unable to demonstrate she had a record of success in her endeavor."
In Re 40641634,2026-02-17,assistant professor of Arabic languages,employed_professional,dismissed,multiple,P1_NATIONAL_IMPORTANCE_NOT_SHOWN;P2_POSITIONING_INSUFFICIENT,"The AAO found the Petitioner did not demonstrate that her proposed endeavor had national importance and was inadequately positioned to advance it, thus failing both first and second prongs of the Dhanasar analytical framework."
In Re 41454970,2026-02-18,tourism consultant and entrepreneur,entrepreneur_business_plan,dismissed,none,EVIDENCE_GENERIC_LETTERS;PROCEDURAL_OTHER,The AAO dismissed the motion to reconsider because it did not establish that the most recent decision issued in October 2025 was incorrect and therefore the Petitioner's petition remains denied.
In Re 41021025,2026-02-18,infrastructure specialist,employed_professional,dismissed,multiple,P1_NATIONAL_IMPORTANCE_NOT_SHOWN;EVIDENCE_GENERIC_LETTERS;PROCEDURAL_NEW_EVIDENCE_ON_APPEAL,The AAO found insufficient evidence of the Petitioner’s proposed IT consulting endeavor having broader national importance and dismissed the appeal as he did not meet the Dhanasar analytical framework first prong.
In Re 41389057,2026-02-18,adapted physical education specialist and entrepreneur in the field of health and wellness,entrepreneur_business_plan,dismissed,1,P1_NATIONAL_IMPORTANCE_NOT_SHOWN;P3_BALANCE_NOT_IN_US_FAVOR,"The AAO found that the Petitioner did not establish the national importance of his proposed endeavor, focusing on areas such as business impact and economic benefits. Additionally, the job creation projections were insufficiently detailed or supported."
In Re 41247812,2026-02-18,industrial and quality engineer,employed_professional,dismissed,none,P1_NATIONAL_IMPORTANCE_NOT_SHOWN,The AAO found that the Petitioner failed to establish national importance for their endeavor as their job impact was limited to employer and client regions.
In Re 41001729,2026-02-19,research and development manager (not specified field),employed_professional,dismissed,multiple,P1_NATIONAL_IMPORTANCE_NOT_SHOWN;P1_FIELD_VS_ENDEAVOR_CONFLATION;P1_ECONOMIC_PROJECTIONS_UNSUPPORTED;P2_POSITIONING_INSUFFICIENT,"The AAO dismissed the appeal because the Petitioner did not meet the second (well-positioned to advance) and third prongs of Dhanasar's framework. The endeavor was found insufficiently grounded, and there were doubts about the economic impact and benefit to the United States."
In Re 40999797,2026-02-19,general manager and logistician in the field of delivery and transportation,employed_professional,dismissed,1,P1_NATIONAL_IMPORTANCE_NOT_SHOWN;P2_POSITIONING_INSUFFICIENT,"The AAO found that the Petitioner did not sufficiently demonstrate the national importance of his proposed endeavor, focusing on whether it has substantial merit within its specific industry and if it could create jobs or have other significant economic effects. The record lacked sufficient evidence to support these claims."
In Re 41002327,2026-02-19,data scientist,employed_professional,dismissed,none,P1_NATIONAL_IMPORTANCE_NOT_SHOWN;P1_FIELD_VS_ENDEAVOR_CONFLATION;P2_POSITIONING_INSUFFICIENT;P3_BALANCE_NOT_IN_US_FAVOR;PROCEDURAL_NEW_EVIDENCE_ON_APPEAL,"The AAO dismissed the appeal because the record did not establish that the Petitioner's data science endeavors have both substantial merit and national importance, particularly in light of potential economic impacts beyond direct revenue growth."
In Re 41501397,2026-02-20,software developer,employed_professional,dismissed,multiple,P1_NATIONAL_IMPORTANCE_NOT_SHOWN;EVIDENCE_INSUFFICIENT_CORROBORATION,"The AAO determined that the Petitioner failed to establish national importance for his proposed endeavor, primarily due to insufficient and corroborating evidence."
In Re 41613424,2026-02-20,,other,dismissed,none,P1_NATIONAL_IMPORTANCE_NOT_SHOWN,"The AAO ruled that the Petitioner failed to demonstrate that his proposed endeavor had national importance, as required by precedent."
In Re 41495663,2026-02-20,semiconductor engineer,employed_professional,dismissed,1,P1_NATIONAL_IMPORTANCE_NOT_SHOWN;P3_BALANCE_NOT_IN_US_FAVOR,
In Re 41415925,2026-02-23,,other,dismissed,none,PROCEDURAL_NEW_EVIDENCE_ON_APPEAL,The AAO dismissed the Petitioner's motion because she did not provide new facts or supporting documentation that addressed her previous denial based on untimeliness and lack of reasonableness.
In Re 41851906,2026-02-23,"member of the professions holding an advanced degree or an alien of exceptional ability, as well as a member in automotive engineering field",researched_academic,dismissed,1,P2_POSITIONING_INSUFFICIENT,"The AAO found the Petitioner did not offer a specific proposed endeavor as required under Dhanasar, and thus could not demonstrate substantial merit and national importance of the specific proposed endeavor. The AAO concluded that the petition fails on prong one."
In Re 40734257,2026-02-23,member of the professions holding an advanced degree,employed_professional,dismissed,1,P1_NATIONAL_IMPORTANCE_NOT_SHOWN;P2_POSITIONING_INSUFFICIENT;P1_ECONOMIC_PROJECTIONS_UNSUPPORTED;EVIDENCE_INSUFFICIENT_CORROBORATION,"The AAO found the Petitioner did not sufficiently demonstrate the potential impact on the national importance of her endeavor, including insufficient evidence for job creation and positive economic effects."
In Re 41502426,2026-02-23,mechanical engineer,employed_professional,dismissed,1,P1_NATIONAL_IMPORTANCE_NOT_SHOWN;P2_POSITIONING_INSUFFICIENT;P3_BALANCE_NOT_IN_US_FAVOR;PROCEDURAL_NEW_EVIDENCE_ON_APPEAL;EVIDENCE_INSUFFICIENT_CORROBORATION,"The AAO ruled against the NIW petition because the Petitioner failed to demonstrate that his proposed endeavor has significant national importance, and there was insufficient supporting evidence."
In Re 40743268,2026-02-23,process engineer,employed_professional,dismissed,1,P1_NATIONAL_IMPORTANCE_NOT_SHOWN,"The AAO found that the Petitioner's proposed endeavor lacked sufficient national importance to meet the first prong of Dhanasar, thus denying the National Interest Waiver."
In Re 41501742,2026-02-24,electrical engineer,employed_professional,dismissed,multiple,P1_NATIONAL_IMPORTANCE_NOT_SHOWN;P1_DEPRESSED_AREA_ARGUMENT_REJECTED;P2_POSITIONING_INSUFFICIENT;P2_PLAN_VAGUE_OR_NOT_ACTIONABLE;PROCEDURAL_NEW_EVIDENCE_ON_APPEAL,"The AAO dismissed the appeal because the record did not establish eligibility for second preference classification, and multiple prongs were reserved due to deficiencies in documentation."
In Re 41308523,2026-02-24,chief executive (CEO) of her company,employed_professional,dismissed,1,P1_NATIONAL_IMPORTANCE_NOT_SHOWN,"The AAO found that the Petitioner did not demonstrate the national importance of her proposed endeavor, specifically in relation to expanding U.S. exports to Brazil and its economic impact on Florida."
In Re 40640086,2026-02-25,member of the professions holding an advanced degree (physical education),employed_professional,dismissed,1,P1_NATIONAL_IMPORTANCE_NOT_SHOWN;EVIDENCE_INSUFFICIENT_CORROBORATION;PROCEDURAL_OTHER,"The AAO dismissed the appeal because the Petitioner failed to demonstrate that her endeavor had significant national importance. The decision noted that she did not provide evidence demonstrating how her specific endeavor would have broad impacts on societal welfare, cultural enrichment, or economic effects."
35760581,2026-02-25,physical therapist,employed_professional,dismissed,1,P1_SHORTAGE_ARGUMENT_REJECTED,"The AAO found the Petitioner could not establish that his endeavor had national importance, as his projections lacked detail and were insufficient to demonstrate broad economic benefits or impacts."
In Re 40796091,2026-02-25,computer engineer,employed_professional,dismissed,1,P1_SHORTAGE_ARGUMENT_REJECTED,"The AAO found that the endeavor did not have sufficient national importance to justify a waiver, despite having substantial merit and being in the field of advanced degree holders."
In Re 40989600,2026-02-25,postdoctoral neurodevelopment and neurological disease treatment researcher,researcher_academic,dismissed,multiple,P1_NATIONAL_IMPORTANCE_NOT_SHOWN;P2_POSITIONING_INSUFFICIENT;PROCEDURAL_NEW_EVIDENCE_ON_APPEAL,"The AAO dismissed the case because the evidence did not show that the proposed endeavor had substantial merit and national importance, nor was there sufficient evidence demonstrating that the Petitioner was well-positioned to advance this endeavor."
In Re 40797014,2026-02-25,"general manager, student coach and consultant (SOC code 25-3041)",employed_professional,dismissed,multiple,P1_NATIONAL_IMPORTANCE_NOT_SHOWN;P2_POSITIONING_INSUFFICIENT;EVIDENCE_GENERIC_LETTERS,"The AAO found that the Petitioner did not establish eligibility for both the underlying EB-2 visa classification and the national interest waiver, primarily due to insufficient evidence of her academic background and lack of credible support letters. The endeavor was also deemed unsuitable by Dhanasar's criteria for being well-positioned to advance."
In Re 41713003,2026-02-25,specialist mechanic,employed_professional,dismissed,none,PROCEDURAL_NEW_EVIDENCE_ON_APPEAL,"The AAO dismissed both motions to reopen and reconsider because they were untimely filed, and found no new evidence could change the outcome."
In Re 40989182,2026-02-25,chief executive officer of a civil engineering and project planning company,employed_professional,dismissed,1,P1_NATIONAL_IMPORTANCE_NOT_SHOWN,"The AAO determined that the Petitioner did not demonstrate national importance for his proposed endeavor, and thus failed to meet the first prong of Dhanasar framework. The burden was on the Petitioner to provide evidence demonstrating how his endeavor would have broader implications rising to the level of national importance."
In Re 41496104,2026-02-25,,employed_professional,dismissed,1,P1_SHORTAGE_ARGUMENT_REJECTED,"The AAO dismissed the appeal because the evidence did not demonstrate that the proposed endeavor has significant potential to employ U.S. workers or offers substantial positive economic effects for the nation, thus failing the first prong of the Dhanasar precedent decision."
In Re 41586830,2026-02-26,biotechnology researcher,researcher_academic,dismissed,none,P1_NATIONAL_IMPORTANCE_NOT_SHOWN;P2_POSITIONING_INSUFFICIENT,"The AAO determined that the petition did not meet the first prong of the Dhanasar framework, as it failed to establish that the Petitioner's proposed endeavor has both substantial merit and national importance, thus concluding she is not eligible for a national interest waiver."
In Re 41583431,2026-02-26,computer scientist,researcher_academic,dismissed,1,P1_NATIONAL_IMPORTANCE_NOT_SHOWN,"The AAO found that the Petitioner did not establish by a preponderance of the evidence that his research on wireless network connectivity and performance has national importance. Therefore, the endeavor did not meet the first prong of Dhanasar's framework."
In Re 40766470,2026-02-26,energy policy analyst,researcher_academic,dismissed,1,P1_NATIONAL_IMPORTANCE_NOT_SHOWN,"The AAO found that the Petitioner did not demonstrate the national importance of his proposed endeavor, as he could not show significant potential to employ U.S. workers or offer substantial positive economic effects for the nation."
In Re 40663336,2026-02-27,graphic designer,employed_professional,remanded,multiple,P2_POSITIONING_INSUFFICIENT;PROCEDURAL_OTHER,"The AAO ruled that SCOPS improperly issued a Notice of Intention to Revoke (NOIR) without sufficient evidence, as the company had provided documentation showing its intent to employ the beneficiary full-time and demonstrate ability to pay the proffered wage. The case was remanded for further consideration."
In Re 41587466,2026-02-27,,,dismissed,none,P1_NATIONAL_IMPORTANCE_NOT_SHOWN;P1_FIELD_VS_ENDEAVOR_CONFLATION,The AAO dismissed the motion because the Petitioner failed to demonstrate that a waiver of the job offer requirement would be in the national interest and did not provide new evidence that established eligibility for the requested benefit.
In Re 40999761,2026-03-02,member of the professions holding an advanced degree,employed_professional,dismissed,none,P1_NATIONAL_IMPORTANCE_NOT_SHOWN,The AAO dismissed the appeal because SCOPS did not err in dismissing the combined motions to reopen and reconsider. The Petitioner failed to show that SCOPS incorrectly applied law or policy based on evidence in the record.
In Re 41604337,2026-03-02,Member of the professions holding an advanced degree,employed_professional,dismissed,none,P1_NATIONAL_IMPORTANCE_NOT_SHOWN,The AAO found that the Petitioner did not demonstrate that his endeavor would have a sufficient impact beyond his company to be considered nationally important.
In Re 41694351,2026-03-02,business owner/entrepreneur,other,remanded,multiple,P1_NATIONAL_IMPORTANCE_NOT_SHOWN;P1_FIELD_VS_ENDEAVOR_CONFLATION;P2_PLAN_VAGUE_OR_NOT_ACTIONABLE,"The AAO determined that SCOPS' decision was deficient in not providing a thorough analysis of the Petitioner's evidence, particularly his self-employment in real estate development. The AAO also noted deficiencies in demonstrating substantial merit and national importance for the endeavor."
In Re 4173 7925,2026-03-02,operations research analyst,employed_professional,dismissed,1,P1_NATIONAL_IMPORTANCE_NOT_SHOWN,"The AAO determined that the Petitioner's proposed endeavor did not have significant national importance, as it could not demonstrate broader impacts or substantial economic benefits to the United States. The AAO concluded this was insufficient to meet the first prong of the Dhanasar framework."
In Re 41000583,2026-03-03,operator/franchisor of restaurants serving Asian-inspired cuisine,employed_professional,dismissed,none,P1_NATIONAL_IMPORTANCE_NOT_SHOWN;P2_POSITIONING_INSUFFICIENT;EVIDENCE_GENERIC_LETTERS,"The USCIS determined that the endeavor lacked national importance, as evidenced by insufficient job creation projections, lack of economic impact in economically depressed areas, and unsubstantiated claims regarding industry innovation and cultural exchange. The Petitioner did not demonstrate substantial merit for the proposed endeavor."
In Re 41574220,2026-03-03,civil engineering,employed_professional,dismissed,1,P1_FIELD_VS_ENDEAVOR_CONFLATION;P1_DEPRESSED_AREA_ARGUMENT_REJECTED;P1_SHORTAGE_ARGUMENT_REJECTED;EVIDENCE_INSUFFICIENT_CORROBORATION;PROCEDURAL_OTHER,The AAO ruled that the Petitioner did not sufficiently define his proposed endeavor or establish its national importance. The evidence presented by the Petitioner was inconsistent and did not clearly demonstrate how he intends to implement the endeavor.
In Re 40651831,2026-03-04,member of the professions holding an advanced degree in mathematics,researcher_academic,dismissed,multiple,P1_NATIONAL_IMPORTANCE_NOT_SHOWN;P3_BALANCE_NOT_IN_US_FAVOR,"The AAO found that the proposed endeavor was not of national importance and did not sufficiently demonstrate the Petitioner's position to advance the endeavor. Additionally, the AAO concluded that on balance, waiving the job offer requirement would not benefit the US."
In Re 41770603,2026-03-04,health services manager,employed_professional,dismissed,1,P1_NATIONAL_IMPORTANCE_NOT_SHOWN;P2_POSITIONING_INSUFFICIENT,"The AAO found that the proposed endeavor did not have national importance and was inadequately positioned, thus failing to meet the first two Dhanasar prongs."
In Re 41636706,2026-03-05,"member of the professions holding an advanced degree, as well as a national interest waiver",employed_professional,dismissed,none,P1_NATIONAL_IMPORTANCE_NOT_SHOWN,"The AAO dismissed the motions as the Petitioner failed to provide new facts or evidence to support his eligibility for the requested classification, and did not demonstrate any legal error in their previous decision."
In Re 41695594,2026-03-05,chief financial officer,employed_professional,dismissed,1,P1_NATIONAL_IMPORTANCE_NOT_SHOWN,The AAO dismissed the appeal because the Petitioner failed to demonstrate that his proposed endeavor had both substantial merit and national importance as required by Matter of Dhanasar.
In Re 41592238,2026-03-05,automotive service technician,employed_professional,dismissed,1,P1_NATIONAL_IMPORTANCE_NOT_SHOWN,"The AAO found that the Petitioner's proposed endeavor did not have sufficient national importance to merit a national interest waiver, as evidenced by the lack of broader impacts beyond his clients and employees."
In Re 40799012,2026-03-05,quality assurance manager,employed_professional,dismissed,1,P1_NATIONAL_IMPORTANCE_NOT_SHOWN,"The AAO found that the Beneficiary's quality assurance work does not have significant national importance because it impacts only his employer and its clients, and there is insufficient evidence to show broader positive effects on industries or regions."
In Re 41644201,2026-03-05,"arts, drama and music teacher/entrepreneur",entrepreneur_business_plan,dismissed,none,P1_NATIONAL_IMPORTANCE_NOT_SHOWN;P2_POSITIONING_INSUFFICIENT;PROCEDURAL_OTHER,"The AAO dismissed the motion because the Petitioner failed to present new facts and evidence supporting their eligibility, instead relying on regulatory provisions that are not relevant to the classification sought."
In Re 41704791,2026-03-05,not specified in the text provided,employed_professional,dismissed,none,P1_NATIONAL_IMPORTANCE_NOT_SHOWN;P1_FIELD_VS_ENDEAVOR_CONFLATION,The AAO dismissed the appeal because the Petitioner failed to demonstrate eligibility as a member of the professions holding an advanced degree and could not justify waiving the job offer requirement in the national interest.
In Re 39984109,2026-03-06,"Lawyer, Legal Consultant, and Researcher",employed_professional,dismissed,multiple,P1_NATIONAL_IMPORTANCE_NOT_SHOWN;P2_POSITIONING_INSUFFICIENT,"The AAO found that the Petitioner did not offer a specific proposed endeavor as required under Dhanasar and could not determine whether the endeavor had substantial merit or national importance, nor was he well-positioned to advance it. The AAO also concluded that waiving the job offer requirement would not benefit the United States on balance."
In Re 40736008,2026-03-06,electrician,employed_professional,dismissed,1,P1_NATIONAL_IMPORTANCE_NOT_SHOWN,"The AAO found that the endeavor did not have significant potential to employ U.S. workers or offer substantial economic benefits, failing the first prong of the Dhanasar analytical framework."
In Re 40638754,2026-03-07,computer scientist,employed_professional,dismissed,1,P1_NATIONAL_IMPORTANCE_NOT_SHOWN,
In Re 35393674,2026-03-09,electronics engineer in the field of telecommunications,employed_professional,dismissed,multiple,P1_NATIONAL_IMPORTANCE_NOT_SHOWN;P2_POSITIONING_INSUFFICIENT;EVIDENCE_INSUFFICIENT_CORROBORATION,The AAO dismissed the appeal because the petitioner could not demonstrate that his proposed endeavor had significant national importance and was adequately supported.
In Re 41515787,2026-03-09,data scientist,employed_professional,dismissed,1,P1_NATIONAL_IMPORTANCE_NOT_SHOWN,The AAO found that the proposed endeavor did not have sufficient national importance and thus could not be granted a national interest waiver.
In Re 41813299,2026-03-09,electrical engineer,employed_professional,dismissed,1,P1_NATIONAL_IMPORTANCE_NOT_SHOWN,"The AAO found that the proposed endeavor did not demonstrate sufficient national importance, as it primarily focused on the Petitioner's operations and responsibilities rather than how the Beneficiary's specific role would impact cybersecurity threats in a broader context."
In Re 41734520,2026-03-10,neuroscience researcher,researcher_academic,remanded,multiple,,"The AAO sustained the appeal, finding that the Petitioner met both the merit and national importance criteria for the proposed endeavor. The AAO also found that SCOPS failed to provide proper notice regarding potential new evidence."
In Re 40462415,2026-03-10,web developer and digital designer,entrepreneur_business_plan,dismissed,1,P1_NATIONAL_IMPORTANCE_NOT_SHOWN;P2_POSITIONING_INSUFFICIENT;EVIDENCE_INSUFFICIENT_CORROBORATION,"The AAO dismissed the appeal as the Petitioner failed to demonstrate the national importance and substantial merit of his proposed endeavor, which is a requirement under Dhanasar precedent."
In Re 41307879,2026-03-10,"dairy manufacturer, senior scientist in food or dairy science",employed_professional,dismissed,multiple,,The AAO ruled in favor of the Petitioner because they established eligibility for the advanced degree classification by meeting two out of seven criteria and due to the job's requirement not necessitating exceptional ability. The record did not demonstrate that the beneficiary’s position both required an individual of exceptional ability.
In Re 41603888,2026-03-10,assistant professor,researcher_academic,dismissed,2,P1_NATIONAL_IMPORTANCE_NOT_SHOWN;P2_POSITIONING_INSUFFICIENT;EVIDENCE_GENERIC_LETTERS,
In Re 41814486,2026-03-11,,employed_professional,dismissed,1,P1_NATIONAL_IMPORTANCE_NOT_SHOWN,"The AAO dismissed the appeal because the Petitioner did not demonstrate that the proposed endeavor (metal fabrication) has national importance, and thus failed to meet the first prong of Dhanasar test."
In Re 40812707,2026-03-11,QA automation tester,employed_professional,remanded,multiple,,"The AAO upheld the original denial due to ambiguity in the labor certification regarding whether the position could be filled with less than an advanced degree, and the absence of clear evidence on intended requirements."
"In Re number, e.g. 41753253",2026-03-11,certified investment analyst,other,dismissed,1,P1_NATIONAL_IMPORTANCE_NOT_SHOWN,
In Re 41720857,2026-03-11,post-doctoral fellow,researcher_academic,dismissed,multiple,P1_NATIONAL_IMPORTANCE_NOT_SHOWN;P2_POSITIONING_INSUFFICIENT,"The AAO found that while the Petitioner's research proposal had substantial merit, it did not demonstrate national importance and was not well-positioned to advance its proposed endeavor. The petition also failed to show that waiving the job offer requirement would benefit the United States on balance."
In Re 41750988,2026-03-11,"member of the professions holding an advanced degree, internal medicine resident",employed_professional,dismissed,2,,"The AAO determined that the Petitioner did not demonstrate he is well positioned to advance his proposed endeavor, which was required by the second prong of Dhanasar's framework."
In Re 41619463,2026-03-12,study management associate II,employed_professional,dismissed,1,P1_NATIONAL_IMPORTANCE_NOT_SHOWN,The AAO found that the proposed endeavor did not have national importance and lacked sufficient evidence to demonstrate its prospective impact.
In Re 41589182,2026-03-12,engineer and applied scientist,employed_professional,dismissed,none,P1_NATIONAL_IMPORTANCE_NOT_SHOWN;EVIDENCE_INSUFFICIENT_CORROBORATION;PROCEDURAL_OTHER,"The AAO ruled that the proposed endeavor did not have sufficient national importance and there was insufficient evidence to support it, thus denying the national interest waiver."
In Re 40794698,2026-03-12,none (not specified in the text),employed_professional,remanded,multiple,,"The AAO sustained the appeal because SCOPS did not properly analyze the evidence provided by the Petitioner and failed to adequately explain its conclusions regarding the national importance, position of the individual, and balance in favor of the United States."
In Re 40963196,2026-03-12,,,remanded,none,,"The AAO ruled in favor of the petition because the petitioner provided sufficient new evidence of ineffective assistance of counsel, which overturned the prior decision that dismissed the claim for ineffective assistance."
In Re 41589182,2026-03-12,engineer and applied scientist,employed_professional,dismissed,multiple,P1_NATIONAL_IMPORTANCE_NOT_SHOWN;P1_FIELD_VS_ENDEAVOR_CONFLATION;P1_ECONOMIC_PROJECTIONS_UNSUPPORTED;P1_DEPRESSED_AREA_ARGUMENT_REJECTED;P2_POSITIONING_INSUFFICIENT;PROCEDURAL_OTHER,"The AAO found that while the Petitioner's proposed endeavor has merit, it does not have national importance. The AAO also noted issues with the Petitioner’s ability to demonstrate his individual position and how his work would impact national infrastructure and competitiveness."
In Re 41652708,2026-03-13,financial director and entrepreneur,employed_professional,dismissed,1,P1_NATIONAL_IMPORTANCE_NOT_SHOWN,"The AAO found that the Petitioner did not demonstrate the proposed endeavor's substantial merit and national importance under Dhanasar's first prong, thus failing to meet eligibility for a National Interest Waiver."
In Re 41704645,2026-03-13,pediatric resident physician,employed_professional,dismissed,multiple,P1_NATIONAL_IMPORTANCE_NOT_SHOWN;PROCEDURAL_OTHER,"The AAO ruled that the petition was dismissed because the evidence did not demonstrate that the Petitioner's research had substantial merit and national importance, nor could it be concluded that waiving the labor certification would benefit the United States."
In Re 41806644,2026-03-13,truckers and logistics industry professionals,entrepreneur_business_plan,dismissed,1,P1_NATIONAL_IMPORTANCE_NOT_SHOWN;PROCEDURAL_OTHER,"The AAO ruled that the Petitioner did not establish her endeavor has national importance and thus, dismissed the appeal."
In Re 41757203,2026-03-16,data scientist,employed_professional,dismissed,multiple,P1_NATIONAL_IMPORTANCE_NOT_SHOWN;P1_FIELD_VS_ENDEAVOR_CONFLATION;P2_POSITIONING_INSUFFICIENT;PROCEDURAL_OTHER,"The AAO found that the Petitioner, while eligible for EB-2 classification based on an advanced degree, could not demonstrate he was well-positioned to advance his proposed endeavor. The AAO also noted insufficient evidence of national importance and field vs. endeavor conflation issues."
In Re 41750100,2026-03-16,research scientist,employed_professional,dismissed,1,P1_NATIONAL_IMPORTANCE_NOT_SHOWN;P1_FIELD_VS_ENDEAVOR_CONFLATION;P1_DEPRESSED_AREA_ARGUMENT_REJECTED,"The AAO found that the petitioner did not sufficiently detail what she intended to do as a research scientist, nor how her endeavor would have national importance or economic effects."
In Re 41808046,2026-03-16,"AI Strategist Leader, member of the professions holding an advanced degree in information technology management",employed_professional,dismissed,1,P1_NATIONAL_IMPORTANCE_NOT_SHOWN,"The AAO found that the proposed endeavor, while having merit within its specific field, did not demonstrate national importance. The petition was dismissed because it failed to meet the first prong of Dhanasar's framework for national interest waivers."
In Re 41977486,2026-03-16,software engineer,employed_professional,dismissed,1,P1_NATIONAL_IMPORTANCE_NOT_SHOWN;P1_FIELD_VS_ENDEAVOR_CONFLATION;P2_POSITIONING_INSUFFICIENT;PROCEDURAL_OTHER,"The AAO ruled that there was insufficient evidence showing national importance of the proposed endeavor, which is a requirement under the Dhanasar analytical framework."
In Re 4184 7808,2026-03-16,software engineer,employed_professional,dismissed,1,P1_NATIONAL_IMPORTANCE_NOT_SHOWN;P2_POSITIONING_INSUFFICIENT,"The AAO determined that the Petitioner's endeavor, while impactful within his employer’s system, did not have sufficient broad relevance and national importance to justify a national interest waiver without demonstrating broader economic or technological impact."
In Re 41769194,2026-03-17,member of the professions holding an advanced degree,employed_professional,dismissed,multiple,,"The AAO found that the evidence presented by the Petitioner was insufficient to establish that she is well-positioned to advance her proposed endeavor, which was required for the national interest waiver."
In Re 41954974,2026-03-18,tattoo artist,entrepreneur_business_plan,dismissed,multiple,P1_NATIONAL_IMPORTANCE_NOT_SHOWN;P1_FIELD_VS_ENDEAVOR_CONFLATION;P1_ECONOMIC_PROJECTIONS_UNSUPPORTED;P1_DEPRESSED_AREA_ARGUMENT_REJECTED;P1_SHORTAGE_ARGUMENT_REJECTED;P2_POSITIONING_INSUFFICIENT;P2_PAST_ACHIEVEMENTS_NOT_PROBATIVE;P2_PLAN_VAGUE_OR_NOT_ACTIONABLE;P3_BALANCE_NOT_IN_US_FAVOR,The AAO dismissed the appeal because the evidence did not demonstrate that the petitioner qualifies as an individual of exceptional ability and therefore is ineligible for the underlying EB-2 visa classification.
In Re 41977291,2026-03-19,private equity firm senior associate,employed_professional,dismissed,multiple,P1_NATIONAL_IMPORTANCE_NOT_SHOWN;P2_POSITIONING_INSUFFICIENT;PROCEDURAL_OTHER,"The AAO dismissed the appeal because the Petitioner failed to demonstrate that the Beneficiary's endeavor has both substantial merit and national importance, and did not sufficiently establish his position as well-positioned to advance this endeavor. Additionally, there were procedural issues."
In Re 41001430,2026-03-19,engineer,employed_professional,dismissed,3,P1_NATIONAL_IMPORTANCE_NOT_SHOWN;PROCEDURAL_OTHER,"The AAO concluded that the endeavor lacked sufficient urgency to warrant waiving labor certification, as well as found procedural issues in SCOPS' decision."
In Re 41750183,2026-03-20,accountant,employed_professional,dismissed,1,P1_NATIONAL_IMPORTANCE_NOT_SHOWN;P2_POSITIONING_INSUFFICIENT;PROCEDURAL_OTHER,"The AAO dismissed the appeal because the record lacked sufficient evidence to show that the Petitioner’s proposed business would have substantial merit and national importance, and there were procedural issues."
In Re 40735459,2026-03-21,researcher focused on drug design,employed_professional,dismissed,1,P1_NATIONAL_IMPORTANCE_NOT_SHOWN,"The AAO ruled that the Petitioner's proposed endeavor does not have national importance, failing to meet the first prong of Dhanasar analysis."
In Re 41496462,2026-03-21,microelectronics engineer and researcher,employed_professional,dismissed,multiple,P1_NATIONAL_IMPORTANCE_NOT_SHOWN;P1_FIELD_VS_ENDEAVOR_CONFLATION;P2_POSITIONING_INSUFFICIENT;P2_PLAN_VAGUE_OR_NOT_ACTIONABLE,"The AAO found insufficient evidence of a job offer and labor certification requirements being waived in the interest of national importance. The Petitioner's research lacked strong evidence showing significant merit and potential impact, as well as clear plans for advancement beyond just continuing his work."
In Re 41735887,2026-03-23,"member of the professions holding an advanced degree, information technology company specializing in IT security consulting services",employed_professional,dismissed,1,P1_NATIONAL_IMPORTANCE_NOT_SHOWN,The AAO found that there was not sufficient evidence showing the proposed endeavor had substantial merit and national importance.
In Re 41954807,2026-03-24,mechanical engineer,employed_professional,dismissed,multiple,P1_NATIONAL_IMPORTANCE_NOT_SHOWN;P3_BALANCE_NOT_IN_US_FAVOR,"The AAO found that the proposed endeavor lacked national importance, as required by the Dhanasar framework. The record did not sufficiently demonstrate how the endeavor would have broader implications within a specific field or substantial positive economic effects."
In Re 41850877,2026-03-24,business administrator,employed_professional,dismissed,1,P1_NATIONAL_IMPORTANCE_NOT_SHOWN,"The AAO found that the Petitioner's endeavor did not demonstrate significant potential to employ U.S. workers or offer substantial positive economic effects, failing the first prong of the Dhanasar analytical framework."
In Re 41957462,2026-03-24,member of the professions holding an advanced degree in veterinary medicine field,employed_professional,dismissed,1,P1_NATIONAL_IMPORTANCE_NOT_SHOWN,"The AAO found that the proposed endeavor does not have national importance, as it lacks specific and substantial evidence of its impact on broader societal issues such as zoonotic diseases, economic effects, or workforce implications."
In Re 41853860,2026-03-24,"lead information systems analyst and unit supervisor, petroleum and natural gas company of Saudi Arabia",employed_professional,dismissed,multiple,P1_NATIONAL_IMPORTANCE_NOT_SHOWN;P2_PLAN_VAGUE_OR_NOT_ACTIONABLE;EVIDENCE_INSUFFICIENT_CORROBORATION;PROCEDURAL_OTHER,"The AAO found that the proposed endeavor did not meet the national importance prong and the Petitioner was not well-positioned to advance it. Additionally, there were procedural issues regarding evidence sufficiency and other matters."
In Re 42039249,2026-03-24,"member of the professions holding an advanced degree, computational fluid dynamics expert",researched_professional_work,dismissed,multiple,P1_NATIONAL_IMPORTANCE_NOT_SHOWN;P1_FIELD_VS_ENDEAVOR_CONFLATION;P1_ECONOMIC_IMPACT_INSUFFICIENT;P2_POSITIONING_INSUFFICIENT;EVIDENCE_GENERIC_LETTERS,The AAO found insufficient evidence that the petitioner was well-positioned to advance his proposed endeavor or that waiving the job offer requirement would benefit the United States.
In Re 40990209,2026-03-25,researcher in supply chain management,researcher_academic,sustained,multiple,P1_NATIONAL_IMPORTANCE_NOT_SHOWN;P2_POSITIONING_INSUFFICIENT;EVIDENCE_GENERIC_LETTERS;PROCEDURAL_OTHER,"The AAO sustained the appeal because the Petitioner demonstrated substantial merit and national importance for her research endeavor and was well-positioned to advance it. The decision also noted the potential benefits to the US, even if other qualified U.S. workers are available."
In Re 41954948,2026-03-25,technician,employed_professional,dismissed,1,P1_NATIONAL_IMPORTANCE_NOT_SHOWN;P2_POSITIONING_INSUFFICIENT,"The AAO ruled that the Petitioner did not qualify for EB-2 visa classification as an individual of exceptional ability and thus could not merit a national interest waiver. The reasons were insufficient evidence to show substantial merit and national importance, and lack of evidence indicating the Petitioner was well-positioned to advance their proposed endeavor."
In Re 41956924,2026-03-25,"computer scientist, electrical engineer",researched_academic,dismissed,1,P1_NATIONAL_IMPORTANCE_NOT_SHOWN,The AAO found the proposed endeavor does not have significant potential to contribute to advancements in a field indicative of national importance.
In Re 42075703,2026-03-25,program manager and entrepreneur in the field of social work,entrepreneur_business_plan,dismissed,1,P1_NATIONAL_IMPORTANCE_NOT_SHOWN,"The AAO found that the Petitioner did not demonstrate the national importance of her proposed endeavor, which was a critical component for granting a National Interest Waiver."
In Re 41953355,2026-03-25,management analyst,employed_professional,dismissed,1,P1_NATIONAL_IMPORTANCE_NOT_SHOWN,"The AAO found that the Petitioner did not demonstrate the potential prospective impact of his proposed endeavor, specifically in terms of its national importance and economic effects. The AAO concluded that the evidence provided was insufficient to show how his endeavor would have significant positive economic impacts."
In Re 41810670,2026-03-26,process engineer,employed_professional,dismissed,1,P1_NATIONAL_IMPORTANCE_NOT_SHOWN;P2_POSITIONING_INSUFFICIENT,The AAO ruled that the petition did not meet the initial requirement under the Dhanasar analytical framework (first prong) and therefore could not proceed to evaluate other factors.
In Re 42090683,2026-03-26,machine learning engineer,employed_professional,dismissed,1,P1_NATIONAL_IMPORTANCE_NOT_SHOWN,"The AAO found that the evidence did not sufficiently demonstrate the national importance of the Petitioner's proposed endeavor, thus failing to meet the first prong of the Dhanasar analytical framework."
In Re 41983834,2026-03-27,electronics engineer,employed_professional,dismissed,none,P1_NATIONAL_IMPORTANCE_NOT_SHOWN;P3_BALANCE_NOT_IN_US_FAVOR,"The AAO ruled that the proposed endeavor did not have significant national importance and failed to demonstrate substantial economic benefits, thus denying the national interest waiver."
In Re 41848248,2026-03-27,clean energy specialist,employed_professional,dismissed,1,P1_NATIONAL_IMPORTANCE_NOT_SHOWN,"The AAO found that the Petitioner's proposed endeavor, while having some merit in renewable energy, did not demonstrate national importance or significant potential to employ U.S. workers or have substantial positive economic effects."
In Re 41848509,2026-03-27,architect and business administrator,employed_professional,dismissed,1,P1_NATIONAL_IMPORTANCE_NOT_SHOWN;P1_SHORTAGE_ARGUMENT_REJECTED;PROCEDURAL_OTHER,The USCIS denied the waiver because the proposed endeavor lacked sufficient national importance. The decision found that the endeavor was too vague and did not sufficiently extend beyond the company's clients to benefit the industry or nation more broadly.
In Re 41977104,2026-03-30,golf course management firm,employed_professional,remanded,none,PROCEDURAL_OTHER,"The Administrative Appeals Office (AAO) ruled that Service Center Operations did not provide a Notice of Intent to Revoke (NOIR) before revoking the petition, and thus its decision to revoke was lacking in specific grounds for revocation."
In Re 41807817,2026-03-30,oil and gas facility engineer,employed_professional,dismissed,1,P1_NATIONAL_IMPORTANCE_NOT_SHOWN,"The AAO found that the Petitioner did not establish national importance for his proposed endeavor, concluding the endeavor's impact was limited to his company and clients."
In Re 42072992,2026-03-30,employed_professional,employed_professional,dismissed,1,P1_NATIONAL_IMPORTANCE_NOT_SHOWN,"The AAO dismissed the appeal because the record does not establish that the petitioner has an equivalent U.S. bachelor's degree, which is a requirement for EB-2 classification as an advanced degree professional."
In Re 41977263,2026-03-30,industrial engineer,employed_professional,dismissed,multiple,P1_DEPRESSED_AREA_ARGUMENT_REJECTED;P2_PAST_ACHIEVEMENTS_NOT_PROBATIVE,"The AAO found the Petitioner did not sufficiently demonstrate he is well-positioned to advance his proposed endeavor as required by the second Dhanasar prong, and that there was insufficient evidence of his record of success in related or similar efforts. The decision also reserved opinion on other potential dispositive grounds."
In Re 42259161,2026-04-01,pharmacist,employed_professional,dismissed,multiple,P1_NATIONAL_IMPORTANCE_NOT_SHOWN;P2_PLAN_VAGUE_OR_NOT_ACTIONABLE;P3_BALANCE_NOT_IN_US_FAVOR,"The AAO ruled that the Petitioner did not establish she is an individual of exceptional ability in her proposed endeavor as a pharmacist, finding insufficient evidence to demonstrate significantly above average expertise beyond typical responsibilities."
In Re 42456286,2026-04-01,financial investor,entrepreneur_business_plan,dismissed,multiple,P1_NATIONAL_IMPORTANCE_NOT_SHOWN;P3_BALANCE_NOT_IN_US_FAVOR;EVIDENCE_INSUFFICIENT_CORROBORATION;PROCEDURAL_OTHER,"The AAO found that the proposed endeavor did not have substantial merit and national importance, as supported by insufficient evidence. The Petitioner failed to demonstrate how it would positively affect the broader economy."
In Re 41848002,2026-04-01,"entrepreneur in various mineral-related industries, member of the professions holding an advanced degree",entrepreneurship,dismissed,1,P1_NATIONAL_IMPORTANCE_NOT_SHOWN;P3_BALANCE_NOT_IN_US_FAVOR,"The AAO dismissed the appeal as the Petitioner failed to establish that his proposed endeavor had both substantial merit and national importance, and thus did not meet the criteria for a national interest waiver."
In Re 42138059,2026-04-02,statistician,employed_professional,dismissed,1,P1_NATIONAL_IMPORTANCE_NOT_SHOWN,"The AAO found that the evidence did not sufficiently demonstrate the national importance of the Petitioner's proposed endeavor. The endeavor aims to develop innovative statistical and computational methodologies for healthcare, but lacked sufficient detail or broad impact on biomedical science."
In Re 42091410,2026-04-02,camera algorithm engineer,employed_professional,dismissed,multiple,P1_NATIONAL_IMPORTANCE_NOT_SHOWN;P2_POSITIONING_INSUFFICIENT;PROCEDURAL_OTHER,The AAO found that the Petitioner did not demonstrate he is well-positioned to advance his proposed endeavor and that there was insufficient evidence showing substantial merit of the endeavor. The AAO concluded this met multiple Dhanasar prongs.
In Re 42249823,2026-04-02,mechanical engineer,employed_professional,dismissed,1,P1_NATIONAL_IMPORTANCE_NOT_SHOWN,"The AAO determined that the Petitioner did not establish that his proposed endeavor had national importance, thus failing to meet the first Dhanasar prong which requires both substantial merit and national importance for a national interest waiver."
In Re 42115079,2026-04-02,physiotherapist and entrepreneur,employed_professional,dismissed,multiple,P1_NATIONAL_IMPORTANCE_NOT_SHOWN;P1_FIELD_VS_ENDEAVOR_CONFLATION;P2_POSITIONING_INSUFFICIENT;EVIDENCE_GENERIC_LETTERS,"The AAO dismissed the appeal because the Petitioner failed to demonstrate eligibility for the underlying EB-2 visa classification by establishing that she has a degree of expertise significantly above the ordinary encountered in her field. The decision also concluded that SCOPS improperly conflated professional practice regulations with immigration criteria, and did not conduct a thorough final merits review."
In Re 42236617,2026-04-02,physical therapist,employed_professional,dismissed,none,P1_NATIONAL_IMPORTANCE_NOT_SHOWN;P3_BALANCE_NOT_IN_US_FAVOR,"The AAO found that the Beneficiary did not have an active Florida physical therapy license at the time of the petition's filing, which was required for Schedule A designation. The AAO also concluded that the benefits from USCIS labor certification outweighed the need to demonstrate eligibility for Schedule A."
In Re 42228862,2026-04-06,"entrepreneur, medical billing and healthcare revenue cycle management firm",other,dismissed,multiple,P1_NATIONAL_IMPORTANCE_NOT_SHOWN;P2_POSITIONING_INSUFFICIENT;P3_BALANCE_NOT_IN_US_FAVOR,"The AAO found that the Petitioner failed to demonstrate both the substantial merit and national importance of his proposed endeavor, as well as his ability to advance it. The decision also noted that SCOPS discounted the national scalability of his proposed endeavor."
In Re 42020732,2026-04-06,senior engineering program manager,employed_professional,dismissed,1,P1_NATIONAL_IMPORTANCE_NOT_SHOWN,"The AAO found that the Petitioner did not demonstrate her proposed endeavor had national importance, thus failing to meet the first prong of Dhanasar."
In Re 42095679,2026-04-07,supply and trade field,employed_professional,dismissed,1,P1_NATIONAL_IMPORTANCE_NOT_SHOWN;P2_POSITIONING_INSUFFICIENT;P1_SHORTAGE_ARGUMENT_REJECTED,"The AAO dismissed the appeal because the evidence provided by the petitioner was insufficient to demonstrate that his endeavor had substantial merit and national importance, which is required for eligibility under Dhanasar's first prong."
In Re 38495584,2026-04-08,IT Consultant,employed_professional,dismissed,multiple,P1_NATIONAL_IMPORTANCE_NOT_SHOWN;P2_POSITIONING_INSUFFICIENT;P3_BALANCE_NOT_IN_US_FAVOR,"The AAO found that the Petitioner did not meet at least three of the required criteria for being an individual of exceptional ability and was unable to establish substantial merit and national importance for his proposed endeavor. Additionally, there were issues with demonstrating he was well-positioned to advance the endeavor and balancing the need for a waiver against national interests."
In Re 42218291,2026-04-09,sales manager,employed_professional,remanded,multiple,P1_SHORTAGE_ARGUMENT_REJECTED;P2_PAST_ACHIEVEMENTS_NOT_PROBATIVE;P3_BALANCE_NOT_IN_US_FAVOR;EVIDENCE_GENERIC_LETTERS;PROCEDURAL_NEW_EVIDENCE_ON_APPEAL,The AAO found that the petition did not sufficiently demonstrate the national importance or merit of the endeavor and was insufficiently addressed in the initial decision. The AAO also noted lack of adequate explanation for SCOPS' findings.
In Re 41967446,2026-04-10,nicotine manufacturer,employed_professional,dismissed,none,P2_POSITIONING_INSUFFICIENT;EVIDENCE_GENERIC_LETTERS;EVIDENCE_INSUFFICIENT_CORROBORATION,"The USCIS Appeals Office dismissed the petition because there was insufficient evidence demonstrating the beneficiary's widespread acclaim and international recognition, which is a requirement for Schedule A designation."
In Re 42219066,2026-04-10,"assistant professor in theater, film and digital production department",employed_professional,dismissed,multiple,P1_NATIONAL_IMPORTANCE_NOT_SHOWN;P1_FIELD_VS_ENDEAVOR_CONFLATION;EVIDENCE_INSUFFICIENT_CORROBORATION;PROCEDURAL_OTHER,"The AAO dismissed the appeal because the school did not demonstrate that the job required exceptional ability, despite finding that the petition met the criteria for advanced degree classification. The AAO also noted issues with corroborative evidence and procedural errors."
In Re 42236035,2026-04-13,research engineer,researcher_academic,dismissed,multiple,P1_NATIONAL_IMPORTANCE_NOT_SHOWN;P2_POSITIONING_INSUFFICIENT;P2_PLAN_VAGUE_OR_NOT_ACTIONABLE;PROCEDURAL_OTHER,"The AAO found that the petition failed to demonstrate both substantial merit in the proposed endeavor and its importance for national purposes, as well as that the petitioner was properly positioned to advance the endeavor. Additionally, there were procedural issues regarding consideration of certain evidence."
In Re 41988032,2026-04-13,assistant professor of ethnomusicology,employed_professional,dismissed,1,P1_SHORTAGE_ARGUMENT_REJECTED,"The USCIS denied the EB-2 classification due to a lack of evidence showing that the beneficiary's work during the one-year period before filing the petition required exceptional ability, which is a crucial requirement for Schedule A designation."
In Re 42214754,2026-04-13,materials engineer,employed_professional,dismissed,1,P1_NATIONAL_IMPORTANCE_NOT_SHOWN;P1_FIELD_VS_ENDEAVOR_CONFLATION;P2_POSITIONING_INSUFFICIENT;EVIDENCE_INSUFFICIENT_CORROBORATION,
In Re 42250800,2026-04-15,cybersecurity and crisis management,employed_professional,dismissed,none,P1_NATIONAL_IMPORTANCE_NOT_SHOWN;P2_POSITIONING_INSUFFICIENT;EVIDENCE_INSUFFICIENT_CORROBORATION;PROCEDURAL_NEW_EVIDENCE_ON_APPEAL,The AAO dismissed the appeal because the Petitioner did not meet at least three of the six regulatory criteria to establish exceptional ability and is consequently ineligible for EB-2 classification.
In Re 42210957,2026-04-15,consultant,employed_professional,dismissed,1,P1_NATIONAL_IMPORTANCE_NOT_SHOWN;P2_POSITIONING_INSUFFICIENT;EVIDENCE_INSUFFICIENT_CORROBORATION;PROCEDURAL_NEW_EVIDENCE_ON_APPEAL,"The AAO dismissed the appeal because the Petitioner could not demonstrate that his proposed endeavor had significant national importance or substantial economic benefits. The evidence presented did not show how his work would impact broader areas like industries, regions, or nations."
In Re 42214361,2026-04-15,"aircraft mechanic, aircraft instructor, and quality control inspector",employed_professional,dismissed,1,P1_NATIONAL_IMPORTANCE_NOT_SHOWN,"The AAO found insufficient evidence showing how the Petitioner's endeavors have significant national importance, focusing on economic factors and failing to demonstrate broader societal impacts."
In Re 42210948,2026-04-15,member of the professions holding an advanced degree or alien of exceptional ability,other,dismissed,multiple,P1_NATIONAL_IMPORTANCE_NOT_SHOWN;P2_PAST_ACHIEVEMENTS_NOT_PROBATIVE,"The AAO dismissed the appeal because the Petitioner did not provide a specific proposed endeavor as required by Dhanasar, indicating that there was no evidence to show the endeavor had substantial merit and national importance."
In Re 42193744,2026-04-17,consultant engineer,employed_professional,dismissed,1,P1_NATIONAL_IMPORTANCE_NOT_SHOWN,The AAO dismissed the appeal because the Petitioner failed to demonstrate that his proposed endeavor had both substantial merit and national importance as required by Dhanasar's analytical framework.
In Re 42213307,2026-04-17,member of the professions holding an advanced degree,employed_professional,dismissed,1,P1_NATIONAL_IMPORTANCE_NOT_SHOWN;P1_FIELD_VS_ENDEAVOR_CONFLATION;P2_PLAN_VAGUE_OR_NOT_ACTIONABLE;EVIDENCE_INSUFFICIENT_CORROBORATION,"The AAO found insufficient evidence demonstrating the national importance and substantial merit of the Petitioner's project management consultancy, particularly regarding its potential economic impacts and broader implications within AI adoption."
In Re 41983117,2026-04-17,information technology (IT) systems engineer,employed_professional,dismissed,1,P1_NATIONAL_IMPORTANCE_NOT_SHOWN,"The AAO found that the endeavor did not have national importance, as demonstrated by insufficient evidence supporting its significant potential to impact cybersecurity or modernize IT infrastructure."
In Re 42204171,2026-04-20,biofuels engineer,employed_professional,dismissed,1,P1_NATIONAL_IMPORTANCE_NOT_SHOWN,"The AAO found that the proposed endeavor lacked sufficient national importance, as required by the first Dhanasar prong, and thus concluded that the Petitioner's eligibility for a National Interest Waiver was not established."
In Re 39272583,2026-04-21,none (as the occupation is not explicitly stated in the text),entrepreneur_business_plan,dismissed,1,P1_NATIONAL_IMPORTANCE_NOT_SHOWN;P2_POSITIONING_INSUFFICIENT;P3_BALANCE_NOT_IN_US_FAVOR,"The AAO dismissed the appeal because the record did not establish that the proposed endeavor has significant national importance, as required by Dhanasar prong one. The Petitioner's business plan lacked substantial details and reliable financial projections."
In Re 42195225,2026-04-22,chemist and postdoctoral researcher,researcher_academic,dismissed,multiple,P1_NATIONAL_IMPORTANCE_NOT_SHOWN;P1_FIELD_VS_ENDEAVOR_CONFLATION;P1_ECONOMIC_PROJECTIONS_UNSUPPORTED;P2_POSITIONING_INSUFFICIENT;P3_BALANCE_NOT_IN_US_FAVOR,The AAO found insufficient evidence to demonstrate that the petitioner was well-positioned to advance his research endeavors or that waiving labor certification would benefit the US on balance.
In Re 42204868,2026-04-22,civil engineer,employed_professional,dismissed,1,P1_NATIONAL_IMPORTANCE_NOT_SHOWN;EVIDENCE_INSUFFICIENT_CORROBORATION;PROCEDURAL_OTHER,The AAO dismissed the appeal because the Petitioner failed to demonstrate national importance of the proposed endeavor and insufficient evidence supported its potential impact.
In Re 42214092,2026-04-22,research scientist,researcher_academic,dismissed,2,P2_POSITIONING_INSUFFICIENT,"The AAO found that the Petitioner has not established he is well-positioned to advance his proposed endeavor, as evidenced by insufficient evidence of a model or plan for future activities and lack of specifics regarding potential employment opportunities."
In Re 42214583,2026-04-22,legal consultant in alternative dispute resolution,employed_professional,dismissed,1,P1_NATIONAL_IMPORTANCE_NOT_SHOWN;P2_POSITIONING_INSUFFICIENT,"The AAO ruled the endeavor did not have substantial merit or national importance, and the Petitioner was not well-positioned to advance it."
In Re 42212511,2026-04-23,industrial engineer,employed_professional,dismissed,multiple,P1_NATIONAL_IMPORTANCE_NOT_SHOWN;P2_POSITIONING_INSUFFICIENT;P3_BALANCE_NOT_IN_US_FAVOR,"The AAO found that while the Petitioner proposed a valuable endeavor in industrial engineering, they were not well positioned to advance it due to insufficient evidence showing record of success and progress. Additionally, there was no demonstration of national importance."
In Re 42251009,2026-04-23,event planner and entrepreneur,entrepreneur_business_plan,dismissed,none,P1_NATIONAL_IMPORTANCE_NOT_SHOWN,"The AAO dismissed the appeal because the petition did not establish eligibility for EB-2 visa classification, which is a prerequisite to obtaining a national interest waiver. The AAO concluded that the record evidence failed to demonstrate substantial merit and national importance of the endeavor in the national economy or cultural interests."
In Re 41977976,2026-04-24,researcher and developer of computing methodologies and data science tools,researcher_academic,sustained,multiple,P1_NATIONAL_IMPORTANCE_NOT_SHOWN;EVIDENCE_INSUFFICIENT_CORROBORATION,"The AAO sustained the appeal because the Petitioner demonstrated eligibility for a national interest waiver by showing his proposed endeavor has substantial merit and potential impact, as well as that he was well-positioned to advance this endeavor."
In Re 42249863,2026-04-24,member of the professions holding an advanced degree and individual of exceptional ability,other,remanded,multiple,,The AAO sustains the appeal because the Petitioner meets the underlying EB-2 classification but SCOPS failed to adequately demonstrate that waiving the job offer requirement would benefit the U.S. on balance and lack of broader field impact evidence.
In Re 42415818,2026-04-24,,,dismissed,none,P1_NATIONAL_IMPORTANCE_NOT_SHOWN;PROCEDURAL_NEW_EVIDENCE_ON_APPEAL,"The AAO dismissed the combined motion to reopen and reconsider due to it being untimely filed, despite the Petitioner claiming reasonable delay beyond his control. Additionally, there were no grounds for excusing an untimely filing of a motion to reconsider."
In Re 42097686,2026-04-27,telecommunications and network engineer,employed_professional,dismissed,1,P1_NATIONAL_IMPORTANCE_NOT_SHOWN,"The AAO determined that the endeavor did not demonstrate significant potential to contribute to national security, economic stability, or technological leadership."
In Re 42217587,2026-04-28,Senior Application Security Engineer,employed_professional,dismissed,1,P1_NATIONAL_IMPORTANCE_NOT_SHOWN,"The AAO dismissed the appeal because the petition did not demonstrate that the proposed endeavor had significant national importance, despite having substantial merit and being in a relevant field. The record did not provide evidence showing broader implications for the cybersecurity field or U.S. technological interests."
In Re 41726827,2026-04-28,developer of electrical weapons and body cameras,employed_professional,remanded,none,,"The AAO upheld the denial because there was insufficient evidence showing that the job required special skills and experience, and also due to a procedural issue regarding advertising of job requirements."
In Re 42237341,2026-04-29,"industrial product company, member of the professions holding an advanced degree",employed_professional,dismissed,1,P1_NATIONAL_IMPORTANCE_NOT_SHOWN,The decision is based on SCOPS finding that the proposed endeavor did not sufficiently show substantial merit and national importance. The lack of detail in the Petitioner’s documentation prevented a meaningful analysis to determine these elements.
In Re 41623887,2026-04-29,research engineer,researcher_academic,dismissed,multiple,P1_NATIONAL_IMPORTANCE_NOT_SHOWN;P1_FIELD_VS_ENDEAVOR_CONFLATION;P1_DEPRESSED_AREA_ARGUMENT_REJECTED;P2_POSITIONING_INSUFFICIENT;EVIDENCE_GENERIC_LETTERS;PROCEDURAL_NEW_EVIDENCE_ON_APPEAL,"The AAO dismissed the appeal because the Petitioner failed to demonstrate that his proposed endeavor had national importance, was well-positioned to advance the endeavor, or could establish eligibility under Dhanasar's third prong without having met the first two."
In Re 42200497,2026-04-29,associate vice president of a U.S. supply chain lead,employed_professional,dismissed,1,P1_NATIONAL_IMPORTANCE_NOT_SHOWN,The AAO found that the proposed endeavor did not meet the first prong of the Dhanasar framework as there was insufficient evidence to show national importance.
In Re 42070346,2026-04-29,data security and compliance,employed_professional,dismissed,1,P1_NATIONAL_IMPORTANCE_NOT_SHOWN;P2_POSITIONING_INSUFFICIENT,"The AAO found the endeavor's proposed scale and potential economic impacts insufficient to meet the first prong of Dhanasar, deeming it not of national importance."
In Re 42217571,2026-04-29,employee training and development,employed_professional,dismissed,1,P1_NATIONAL_IMPORTANCE_NOT_SHOWN,The AAO found that the Petitioner did not demonstrate that her proposed endeavor had national importance and was well-positioned to advance it. The business plan lacked specific details on how the proposed methods would impact employee training and development practices.
In Re 42068021,2026-04-29,consultant in the field of occupational health and safety,employed_professional,dismissed,1,P1_NATIONAL_IMPORTANCE_NOT_SHOWN;P2_POSITIONING_INSUFFICIENT,"The AAO found that the Petitioner did not demonstrate the national importance of his endeavor and was not well-positioned to advance it, thus failing both prongs of the Dhanasar framework."
In Re 42601690,2026-04-30,architectural designer,employed_professional,dismissed,multiple,P1_NATIONAL_IMPORTANCE_NOT_SHOWN,The AAO found insufficient evidence to support the argument that the proposed endeavor would have both substantial merit and national importance. The case was dismissed as the evidence did not meet the Dhanasar framework.
In Re 42312776,2026-04-30,member of the professions holding an advanced degree,entrepreneur_business_plan,dismissed,multiple,P1_NATIONAL_IMPORTANCE_NOT_SHOWN;P1_FIELD_VS_ENDEAVOR_CONFLATION;P2_PLAN_VAGUE_OR_NOT_ACTIONABLE;P3_BALANCE_NOT_IN_US_FAVOR;EVIDENCE_INSUFFICIENT_CORROBORATION,"The AAO dismissed the appeal due to insufficient evidence supporting the Petitioner's claim of eligibility for a national interest waiver, particularly in terms of evidence corroborating her Model Plan and business plan."
In Re 41710797,2026-04-30,senior software engineer,employed_professional,dismissed,multiple,P1_NATIONAL_IMPORTANCE_NOT_SHOWN;P1_FIELD_VS_ENDEAVOR_CONFLATION;P1_SHORTAGE_ARGUMENT_REJECTED;P1_DEPRESSED_AREA_ARGUMENT_REJECTED;P2_PLAN_VAGUE_OR_NOT_ACTIONABLE,"The AAO found that the Petitioner did establish its ability to pay the Beneficiary’s proffered wage as of the priority date continuing until he obtains lawful permanent residence. However, the AAO also noted reservations regarding national importance, field conflation, labor shortage arguments, depressed area argument, and lack of concrete plan for advancement."
In Re 42030326,2026-05-01,business executive,entrepreneur_business_plan,dismissed,multiple,P1_NATIONAL_IMPORTANCE_NOT_SHOWN;P2_POSITIONING_INSUFFICIENT;P3_BALANCE_NOT_IN_US_FAVOR,"The AAO determined that the proposed endeavor does not have national importance due to insufficient evidence showing its unique contributions or potential impact beyond the company's immediate clients. The endeavor also lacks well-positioning, as evidenced by existing similar software already in development and deployed."
In Re 42682190,2026-05-01,business manager,employed_professional,dismissed,none,P1_NATIONAL_IMPORTANCE_NOT_SHOWN;EVIDENCE_INSUFFICIENT_CORROBORATION,"The AAO found insufficient evidence to support the Petitioner's claim of exceptional ability and national importance, dismissing her appeal."
In Re 42654241,2026-05-04,"entrepreneur in the field of Science, Technology, Engineering and Mathematics (STEM) education",entrepreneur_business_plan,dismissed,multiple,P1_NATIONAL_IMPORTANCE_NOT_SHOWN;P2_POSITIONING_INSUFFICIENT;EVIDENCE_GENERIC_LETTERS,"The AAO dismissed the motion to reconsider because the evidence did not demonstrate the Petitioner’s endeavor had both substantial merit and national importance, nor that he was well-positioned to advance it. The AAO found the business plan insufficiently detailed and the support letters lacking in credibility."
42722552,2026-05-05,manufacturing optimization consultant,employed_professional,remanded,multiple,P3_BALANCE_NOT_IN_US_FAVOR,The AAO found that SCOPS did not address the evidence supporting the Petitioner's claim for eligibility as an advanced degree professional and remanded the case to allow SCOPS to more fully address his academic degree and post-baccalaureate experience.
In Re 42388758,2026-05-06,"general and operations manager of a franchise, member of the professions holding an advanced degree",employed_professional,dismissed,1,P1_NATIONAL_IMPORTANCE_NOT_SHOWN;P2_POSITIONING_INSUFFICIENT;P3_BALANCE_NOT_IN_US_FAVOR,"The AAO ruled that the petitioner failed to demonstrate that his proposed endeavor has national importance, is well-positioned to advance the endeavor, and that waiving the job offer requirement would benefit the United States. The evidence did not show how his specific activities would extend beyond his company or clients."
In Re 42652924,2026-05-07,chief operating officer (COO) and executive board member,employed_professional,dismissed,multiple,P1_NATIONAL_IMPORTANCE_NOT_SHOWN;P2_POSITIONING_INSUFFICIENT,"The AAO found that the Petitioner did not sufficiently demonstrate that his proposed endeavor, as a COO of a fire suppression technology company, had national importance or was well-positioned to advance the field. The decision also noted inconsistencies between the claimed endeavor and the duties attributed to the role."
In Re 43193453,2026-05-07,chief urban planner,employed_professional,remanded,multiple,P1_NATIONAL_IMPORTANCE_NOT_SHOWN;PROCEDURAL_OTHER,The AAO sustained the appeal because SCOPS did not adequately address whether the proposed endeavor has national importance or if waiving the job offer requirement would benefit the US. The AAO also found that SCOPS improperly withheld evidence and failed to explain its conclusions.
In Re 42065127,2026-05-07,production engineer and mathematician,entrepreneur_business_plan,dismissed,1,P1_NATIONAL_IMPORTANCE_NOT_SHOWN,"The AAO determined that the proposed endeavor did not meet the first prong of Dhanasar framework, which requires showing substantial national importance. The evidence provided by the Petitioner was insufficient to establish such national importance."
In Re 42758368,2026-05-07,treasurer and controller in the construction industry,employed_professional,dismissed,multiple,P1_NATIONAL_IMPORTANCE_NOT_SHOWN;P3_BALANCE_NOT_IN_US_FAVOR,"The AAO found that while the proposed endeavor had merit, it did not demonstrate broad national importance or significant potential to employ U.S. workers in an economically depressed area."
In Re 40784138,2026-05-08,physical therapy researcher,researcher_academic,dismissed,2,P2_POSITIONING_INSUFFICIENT;P2_PLAN_VAGUE_OR_NOT_ACTIONABLE,"The AAO found that the Petitioner had not established she was well-positioned to advance her proposed endeavor, thus failing the second prong of Dhanasar's national interest test."
In Re 42777991,2026-05-08,automotive technician,employed_professional,dismissed,none,P1_NATIONAL_IMPORTANCE_NOT_SHOWN,"The AAO dismissed the Petitioner's motion because it did not address the latest decision dismissing his sixth motion, which identified procedural defects. The new filing also did not provide any error identification for the February 2026 decision."
In Re 40736296,2026-05-08,component design engineer,employed_professional,remanded,multiple,P1_NATIONAL_IMPORTANCE_NOT_SHOWN;EVIDENCE_INSUFFICIENT_CORROBORATION,"The AAO found that the Petitioner did not demonstrate the Beneficiary's experience with required special skills and lack of supporting documents. Additionally, the company failed to provide corroborating evidence for the advertisements stating the job requirements."
In Re 42548555,2026-05-11,mathematics educator,employed_professional,dismissed,1,P1_NATIONAL_IMPORTANCE_NOT_SHOWN,"The AAO found the endeavor did not have a broader impact beyond the individuals utilizing her services to substantially benefit the field or industry, as required by Dhanasar's first prong."
In Re 42812946,2026-05-12,physicist,employed_professional,dismissed,1,P1_NATIONAL_IMPORTANCE_NOT_SHOWN,"The AAO found that the Petitioner did not demonstrate how the specific endeavor he proposes to undertake may have national or global implications within a particular field. Thus, the endeavor was deemed to lack national importance."
In Re 42720921,2026-05-12,legal consultant,employed_professional,dismissed,none,P1_NATIONAL_IMPORTANCE_NOT_SHOWN,"The AAO found that the Petitioner did not sufficiently demonstrate the national importance of her endeavor, which is a requirement for obtaining a National Interest Waiver. The evidence provided by the Petitioner was insufficient to show how her proposed endeavor would benefit the broader U.S. economy or have significant positive effects on specific areas like trade and investment between the U.S. and Albania."
In Re 42725527,2026-05-14,scientist,employed_professional,remanded,multiple,P1_NATIONAL_IMPORTANCE_NOT_SHOWN;P2_POSITIONING_INSUFFICIENT;EVIDENCE_INSUFFICIENT_CORROBORATION,"The AAO found that the Petitioner's proposed endeavor lacked national importance and was not sufficiently demonstrated. Additionally, SCOPS improperly discounted evidence and failed to thoroughly analyze the Petitioner's qualifications and progress towards her endeavors."
In Re 42764787,2026-05-14,systems engineering specialist,employed_professional,dismissed,1,P1_NATIONAL_IMPORTANCE_NOT_SHOWN;P1_FIELD_VS_ENDEAVOR_CONFLATION,"The AAO found that the evidence did not sufficiently demonstrate the proposed endeavor’s potential to have a regional or national impact, thus failing the first prong of the Dhanasar framework, which is dispositive for this case."
In Re 42644144,2026-05-14,member of the professions holding an advanced degree,employed_professional,dismissed,multiple,P1_NATIONAL_IMPORTANCE_NOT_SHOWN,The AAO dismissed the appeal because the Petitioner did not show that the Beneficiary satisfies the third prong of Dhanasar analysis and therefore cannot establish eligibility for a national interest waiver.
In Re 42653539,2026-05-14,construction company General Manager and sustainable architect,employed_professional,dismissed,multiple,P1_NATIONAL_IMPORTANCE_NOT_SHOWN;PROCEDURAL_OTHER,"The AAO found that the Petitioner's proposed endeavor lacked sufficient national importance and did not provide substantial evidence supporting its potential benefits to the United States, especially in terms of creating jobs for U.S. workers."
In Re 42892507,2026-05-15,software development engineer,employed_professional,remanded,multiple,P1_NATIONAL_IMPORTANCE_NOT_SHOWN;EVIDENCE_INSUFFICIENT_CORROBORATION,"The AAO concluded that SCOPS failed to apply a holistic assessment, mischaracterized the proposed endeavor, and improperly raised evidentiary requirements. The record is incomplete due to illegible exhibits. SCOPS should evaluate all three prongs of Dhanasar's criteria for national importance, well-positioning, and balancing benefits."
In Re 42907874,2026-05-15,oil and gas completions and artificial lift specialist,employed_professional,dismissed,1,P1_NATIONAL_IMPORTANCE_NOT_SHOWN;P2_POSITIONING_INSUFFICIENT;EVIDENCE_GENERIC_LETTERS;PROCEDURAL_OTHER,"The AAO found insufficient evidence demonstrating the proposed endeavor has substantial merit and national importance, particularly as to its potential to benefit society or enhance technology."
In Re 42796273,2026-05-18,industrial machinery mechanic,employed_professional,dismissed,multiple,P1_NATIONAL_IMPORTANCE_NOT_SHOWN;PROCEDURAL_OTHER,"The AAO dismissed the appeal as the Petitioner failed to demonstrate he was an individual of exceptional ability in the field of industrial machinery mechanics, and there were procedural issues not addressed by SCOPS. The denial is based on the national importance criterion and a procedural ground."
In Re 42776240,2026-05-18,mechanical engineer,employed_professional,dismissed,none,P1_NATIONAL_IMPORTANCE_NOT_SHOWN,The AAO found that the evidence provided by the Petitioner did not demonstrate broad and measurable implications for U.S. society or the economy.
In Re 42793793,2026-05-18,researcher,researcher_academic,dismissed,none,P1_NATIONAL_IMPORTANCE_NOT_SHOWN;PROCEDURAL_OTHER,"The AAO found that the proposed endeavor did not have significant potential to employ U.S. workers or other substantial positive economic effects, thus failing the first prong of the Dhanasar framework and denying the National Interest Waiver."
In Re 42968866,2026-05-18,industrial and quality engineer,employed_professional,dismissed,none,P1_NATIONAL_IMPORTANCE_NOT_SHOWN;PROCEDURAL_OTHER,"The AAO dismissed the petition because the Petitioner did not address or overcome the basis for dismissal, which was the denial of reopening based on an untimely motion. The new evidence submitted did not pertain to the most recent decision and could not establish a national interest waiver."
In Re 42907680,2026-05-19,educational technology researcher,researcher_academic,dismissed,multiple,P1_NATIONAL_IMPORTANCE_NOT_SHOWN;P3_BALANCE_NOT_IN_US_FAVOR,"The AAO dismissed the appeal as the Petitioner failed to demonstrate that her research proposal had both substantial merit and national importance, nor did she show she was well-positioned to advance it."
In Re 42985766,2026-05-19,,entrepreneur_business_plan,dismissed,none,P1_NATIONAL_IMPORTANCE_NOT_SHOWN,The AAO dismissed the petition for failing to demonstrate that the proposed endeavor would have national importance.
In Re 42971482,2026-05-19,tourism consultant and entrepreneur,entrepreneur_business_plan,dismissed,none,P1_NATIONAL_IMPORTANCE_NOT_SHOWN,"The AAO dismissed the motion because the Petitioner did not establish eligibility for the EB-2 immigrant classification or that a waiver of the required job offer would be in the national interest, based on the most recent February 2026 decision."
In Re 42831962,2026-05-20,pilot,employed_professional,dismissed,none,P1_NATIONAL_IMPORTANCE_NOT_SHOWN,The AAO found the Petitioner did not sufficiently define his endeavor and did not establish that it has both substantial merit and national importance.
In Re 42212117,2026-05-20,healthcare specialist,employed_professional,dismissed,multiple,P1_NATIONAL_IMPORTANCE_NOT_SHOWN;P2_POSITIONING_INSUFFICIENT;EVIDENCE_GENERIC_LETTERS,"The AAO dismissed the appeal because the Petitioner could not demonstrate that her healthcare audit systems initiative had substantial merit or national importance, nor did she provide sufficient evidence to support economic projections."
In Re 43140853,2026-05-20,chief executive,entrepreneur_business_plan,dismissed,1,P1_NATIONAL_IMPORTANCE_NOT_SHOWN,"The AAO found the Petitioner's endeavor did not demonstrate broader implications beyond his own company, thus failing to show national importance as required by the Dhanasar decision."
In Re 43130302,2026-05-21,"port manager, foreign languages and literature degree holder",employed_professional,dismissed,none,P1_NATIONAL_IMPORTANCE_NOT_SHOWN,"The AAO ruled that the Petitioner did not establish national importance for the Beneficiary's endeavor, focusing on a lack of evidence demonstrating significant positive economic effects or broader implications within the field."
In Re 42729816,2026-05-21,assistant professor of otolaryngology-head and neck surgery,employed_professional,dismissed,1,P1_NATIONAL_IMPORTANCE_NOT_SHOWN,"The AAO ruled that the Beneficiary’s proposed endeavor did not meet the first prong of the Dhanasar framework, which focuses on whether the endeavor has substantial merit and national importance. The evidence presented was insufficient to demonstrate this."
In Re 43122416,2026-05-22,sustainability specialist,other,dismissed,multiple,P1_NATIONAL_IMPORTANCE_NOT_SHOWN;P2_PAST_ACHIEVEMENTS_NOT_PROBATIVE,The AAO found that the evidence did not establish the national importance of the proposed endeavor and that the Petitioner's past achievements were insufficient to demonstrate her ability to advance the endeavor.
In Re 42727416,2026-05-26,software engineer,employed_professional,dismissed,1,P1_SHORTAGE_ARGUMENT_REJECTED;P1_DEPRESSED_AREA_ARGUMENT_REJECTED;P1_FIELD_VS_ENDEAVOR_CONFLATION,"The AAO dismissed the appeal because the Petitioner could not establish that his endeavor had national importance and was significantly beneficial to the United States, despite meeting other eligibility criteria."
In Re 43255192,2026-05-27,software development engineer,employed_professional,remanded,multiple,,"The AAO found errors in law and fact regarding the USCIS' assessment of the Petitioner's proposed endeavor as having both substantial merit and national importance. Additionally, SCOPS did not provide a thorough analysis on whether the Petitioner is well-positioned to advance the proposed endeavor."
In Re 43129610,2026-05-27,data scientist,employed_professional,dismissed,1,P1_NATIONAL_IMPORTANCE_NOT_SHOWN,"The AAO determined that the endeavor does not have substantial merit and national importance, as evidenced by lack of documentation demonstrating its potential impact on broader fields or regions."
In Re 39895158,2026-05-27,component design engineer,employed_professional,remanded,none,P1_NATIONAL_IMPORTANCE_NOT_SHOWN;P1_FIELD_VS_ENDEAVOR_CONFLATION;P1_ECONOMIC_PROJECTIONS_UNSUPPORTED;P1_DEPRESSED_AREA_ARGUMENT_REJECTED;P1_SHORTAGE_ARGUMENT_REJECTED,"The AAO found that SCOPS failed to demonstrate that the Beneficiary possessed required emulation skills, which were listed on the PWD but excluded from the labor market testing process."
In Re 43122067,2026-05-27,supply chain manager,employed_professional,dismissed,1,P1_NATIONAL_IMPORTANCE_NOT_SHOWN;P1_FIELD_VS_ENDEAVOR_CONFLATION;P1_ECONOMIC_PROJECTIONS_UNSUPPORTED;PROCEDURAL_OTHER,"The AAO determined that the Petitioner's proposed endeavor did not have substantial merit or a broad impact on the field, nor did it demonstrate significant positive economic effects commensurate with national importance. The AAO also found issues with the economic impact analysis provided by the Petitioner."
In Re 30556449,2026-05-27,"advanced degree professional, architectural engineering",researched_academic,dismissed,multiple,P1_NATIONAL_IMPORTANCE_NOT_SHOWN;P1_DEPRESSED_AREA_ARGUMENT_REJECTED;P1_SHORTAGE_ARGUMENT_REJECTED;EVIDENCE_GENERIC_LETTERS;PROCEDURAL_OTHER,"The AAO dismissed the appeal because the petitioner failed to demonstrate substantial merit and national importance, and submitted falsified reference letters that constituted a material misrepresentation."
In Re 43028484,2026-05-28,researcher in mathematical theory and its practical applications in electrical engineering,employed_professional,dismissed,none,P1_NATIONAL_IMPORTANCE_NOT_SHOWN,"The AAO dismissed the appeal because the Petitioner did not sufficiently define her proposed endeavor and demonstrate its national importance, despite submitting evidence of prior research impact."
In Re 43203454,2026-05-28,"individual of exceptional ability in the sciences, arts or business (aviation and aeronautics supply chain manager)",employed_professional,dismissed,1,P1_DEPRESSED_AREA_ARGUMENT_REJECTED;P1_SHORTAGE_ARGUMENT_REJECTED,"The USCIS found that the Beneficiary did not meet at least three of the six required criteria for classification as an individual of exceptional ability, specifically regarding salary and membership in professional associations. Additionally, the USCIS concluded there was no evidence of national importance for the proposed endeavor."
In Re 43129038,2026-05-28,"wholesale company and distributor of automotive parts, specializing in supplying original equipment manufacturer (OEM) and aftermarket specialized automotive parts, electrical components, paints, and paint-related materials",employed_professional,dismissed,none,P1_NATIONAL_IMPORTANCE_NOT_SHOWN,The AAO found that the petitioner did not demonstrate that the Beneficiary was an individual of exceptional ability or that a waiver of the job offer requirement in the national interest.
In Re 40769289,2026-06-01,systems engineer,employed_professional,dismissed,multiple,P1_NATIONAL_IMPORTANCE_NOT_SHOWN;EVIDENCE_INSUFFICIENT_CORROBORATION,"The AAO dismissed the appeal because the record did not establish national importance for the proposed endeavor in cybersecurity consultancy services, and the evidence provided by the Petitioner was insufficient and lacked corroborative support."
In Re 43140091,2026-06-01,civil engineer,employed_professional,dismissed,none,P1_NATIONAL_IMPORTANCE_NOT_SHOWN;P2_POSITIONING_INSUFFICIENT,"The AAO dismissed the appeal because the proposed endeavor (civil engineering consulting in wastewater management) did not demonstrate significant potential to employ U.S. workers or have substantial positive economic effects, and thus could not be considered nationally important."
In Re 43216984,2026-06-01,training and development specialist,employed_professional,dismissed,multiple,P1_NATIONAL_IMPORTANCE_NOT_SHOWN;P2_PAST_ACHIEVEMENTS_NOT_PROBATIVE;P3_BALANCE_NOT_IN_US_FAVOR,The AAO found that the petition did not establish national importance of the proposed endeavor and insufficient evidence to show its impact beyond her consulting company. The AAO reserved issues under Dhanasar's second and third prongs.
In Re 43066902,2026-06-03,process controls engineer (automotive business),employed_professional,dismissed,1,P1_NATIONAL_IMPORTANCE_NOT_SHOWN,"The AAO determined that the Petitioner did not establish that the proposed endeavor has national importance, which is a requirement under the Dhanasar framework."
In Re 40766636,2026-06-03,computer programmer,employed_professional,remanded,none,P1_NATIONAL_IMPORTANCE_NOT_SHOWN;P2_PLAN_VAGUE_OR_NOT_ACTIONABLE,"The Immigration Appeals Office found that the employer did not demonstrate its intent to employ the beneficiary in the offered position outside the area specified, and also failed to show the ability to pay the required wage from the priority date until approval."
In Re 43219278,2026-06-04,semiconductor technology researcher,employed_professional,remanded,multiple,P1_NATIONAL_IMPORTANCE_NOT_SHOWN;P1_FIELD_VS_ENDEAVOR_CONFLATION;P1_ECONOMIC_PROJECTIONS_UNSUPPORTED;P2_POSITIONING_INSUFFICIENT;P3_BALANCE_NOT_IN_US_FAVOR,The AAO found USCIS did not adequately evaluate the national importance and potential impact of the petitioner's research endeavors. They also noted USCIS failed to consider specific evidence provided by the petitioner regarding his potential contributions.
In Re 43129009,2026-06-04,chemical engineer,employed_professional,dismissed,1,P1_NATIONAL_IMPORTANCE_NOT_SHOWN,"The AAO found that the Petitioner did not demonstrate that his proposed endeavor has national importance, thus failing to meet Dhanasar's first prong."
In Re 43197051,2026-06-04,teacher,employed_professional,dismissed,3,P3_BALANCE_NOT_IN_US_FAVOR;EVIDENCE_GENERIC_LETTERS;PROCEDURAL_OTHER,
In Re 43218445,2026-06-08,logistics analyst,employed_professional,dismissed,multiple,P1_NATIONAL_IMPORTANCE_NOT_SHOWN;P1_FIELD_VS_ENDEAVOR_CONFLATION;P2_POSITIONING_INSUFFICIENT;P3_BALANCE_NOT_IN_US_FAVOR,"The AAO dismissed the appeal because the Petitioner did not meet the criteria for exceptional ability as required by the EB-2 visa classification, specifically failing to demonstrate substantial merit and national importance."
In Re 43192852,2026-06-09,chemical and biomedical engineer,employed_professional,dismissed,multiple,P2_POSITIONING_INSUFFICIENT;PROCEDURAL_NEW_EVIDENCE_ON_APPEAL;EVIDENCE_INSUFFICIENT_CORROBORATION,"Despite USCIS finding that the Petitioner's endeavor had both substantial merit and national importance, and was in the U.S. interest on balance, the AAO concluded that the record did not sufficiently demonstrate the petitioner's well-positionedness to advance his proposed endeavor."
In Re 43193271,2026-06-10,software development engineer,employed_professional,dismissed,none,PROCEDURAL_NEW_EVIDENCE_ON_APPEAL,"The USCIS approved a second Form I-140 with the same classification and position, making further appeals moot."
In Re 43192951,2026-06-10,machine learning research engineer,researched_academic,remanded,multiple,P1_NATIONAL_IMPORTANCE_NOT_SHOWN;PROCEDURAL_NEW_EVIDENCE_ON_APPEAL,"The AAO found that while the proposed endeavor had substantial merit, it lacked national importance and dismissed new evidence submitted during the appeal process. The AAO also noted that USCIS did not fully assess the extent of the Petitioner's visiting researcher position."
In Re 43192629,2026-06-11,assistant professor of sociology,researcher_academic,dismissed,1,P1_NATIONAL_IMPORTANCE_NOT_SHOWN,"The AAO determined that the Petitioner did not sufficiently demonstrate how her proposed endeavor had a broad impact on societal welfare and significant potential economic benefits, as required by Dhanasar for a national interest waiver."
In Re 43122238,2026-06-11,manager,employed_professional,dismissed,1,P1_NATIONAL_IMPORTANCE_NOT_SHOWN;P3_BALANCE_NOT_IN_US_FAVOR,"The AAO found the endeavor did not sufficiently extend beyond the Petitioner's consulting company to impact national or broader economic interests and concluded there was insufficient evidence of its broader impacts, dismissing the appeal."
In Re 42894654,2026-06-12,,employed_professional,dismissed,none,P1_NATIONAL_IMPORTANCE_NOT_SHOWN,"The AAO dismissed the petition as the Petitioner did not provide new facts or evidence to demonstrate that the Beneficiary's eligibility for the requested EB-2 classification, nor did they articulate how our prior decision was incorrect based on law and policy."
In Re 43192718,2026-06-15,"provider of home healthcare services, manager and healthcare systems engineer",employed_professional,dismissed,multiple,P1_NATIONAL_IMPORTANCE_NOT_SHOWN;P1_FIELD_VS_ENDEAVOR_CONFLATION;P1_ECONOMIC_PROJECTIONS_UNSUPPORTED;P1_DEPRESSED_AREA_ARGUMENT_REJECTED;P1_SHORTAGE_ARGUMENT_REJECTED;P2_POSITIONING_INSUFFICIENT;P2_PAST_ACHIEVEMENTS_NOT_PROBATIVE;P2_PLAN_VAGUE_OR_NOT_ACTIONABLE,"The AAO found that the petition could not demonstrate its continuing ability to pay the offered job's wage from the priority date onward due to a lack of evidence showing sufficient income and assets, despite some business history."
In Re 43352782,2026-06-17,,,dismissed,none,P1_NATIONAL_IMPORTANCE_NOT_SHOWN;P2_POSITIONING_INSUFFICIENT,The AAO dismissed the motion due to insufficient evidence demonstrating national importance and a lack of supporting documentation for the Petitioner's claims.
In Re 44013231,2026-06-17,medical doctor,employed_professional,dismissed,1,P1_NATIONAL_IMPORTANCE_NOT_SHOWN,"The AAO dismissed the appeal because the Petitioner did not demonstrate that her proposed endeavor had substantial merit and national importance, relying primarily on general conditions affecting the healthcare sector rather than showing specific impacts on maternal and child health. The AAO also found insufficient evidence to show how her work would benefit the U.S. economy."
In Re 43237651,2026-06-18,data protection and technology specialist,employed_professional,dismissed,1,P1_NATIONAL_IMPORTANCE_NOT_SHOWN,"The AAO determined that the proposed endeavor did not have national importance, and therefore did not meet the first prong of the Dhanasar framework. As a result, the Petitioner was ineligible for a national interest waiver."
In Re 43199936,2026-06-22,chief operating officer (COO),employed_professional,dismissed,1,P1_NATIONAL_IMPORTANCE_NOT_SHOWN,"The AAO found that the Petitioner did not establish that his proposed endeavor had substantial merit and national importance as required by Dhanasar, thus dismissing the appeal."
In Re 43281246,2026-06-23,electrical engineer,employed_professional,dismissed,none,P1_NATIONAL_IMPORTANCE_NOT_SHOWN,"The AAO found insufficient evidence to establish the proposed endeavor has both substantial merit and national importance, dismissing the motion."
"In Re number, e.g. 43198789",2026-06-23,skincare specialist,other,dismissed,multiple,P1_NATIONAL_IMPORTANCE_NOT_SHOWN;P1_FIELD_VS_ENDEAVOR_CONFLATION;P1_ECONOMIC_PROJECTIONS_UNSUPPORTED;P2_POSITIONING_INSUFFICIENT;P3_BALANCE_NOT_IN_US_FAVOR,"The AAO dismissed the appeal because the petition failed to demonstrate substantial merit and national importance, or that it would be in the national interest to waive job offer requirements."
In Re 43192517,2026-06-24,controls engineer,employed_professional,dismissed,2,P1_NATIONAL_IMPORTANCE_NOT_SHOWN;P1_FIELD_VS_ENDEAVOR_CONFLATION;P1_SHORTAGE_ARGUMENT_REJECTED,"The AAO found that the Petitioner was not well-positioned to advance his proposed endeavor and lacked sufficient evidence of interest from potential investors or other relevant entities, thereby rejecting the second prong of Dhanasar analysis."
In Re 43217148,2026-06-24,postdoctoral researcher,researcher_academic,dismissed,multiple,P1_NATIONAL_IMPORTANCE_NOT_SHOWN;P2_POSITIONING_INSUFFICIENT;P3_BALANCE_NOT_IN_US_FAVOR,"The AAO dismissed the appeal because the Petitioner did not meet the second prong of Dhanasar, which requires demonstrating that he is well-positioned to advance his proposed endeavor. The AAO found insufficient evidence regarding the Petitioner's record of success, model for future activities, progress toward achieving the endeavor, and interest from potential investors or other relevant entities."
In Re 40527072,2026-06-25,senior sourcing specialist,employed_professional,dismissed,none,P1_NATIONAL_IMPORTANCE_NOT_SHOWN,The AAO found that the proposed endeavor does not meet the first Dhanasar prong (substantial merit and national importance) due to insufficient detail regarding its potential impacts. The Petitioner was unable to demonstrate his proposal had a significant enough impact to be considered nationally important.
In Re 40462858,2026-06-25,programmer analyst,employed_professional,dismissed,1,P1_NATIONAL_IMPORTANCE_NOT_SHOWN,The AAO determined that the Petitioner failed to demonstrate that his proposed endeavor had a broad enough impact to be considered nationally important and therefore did not establish eligibility for a national interest waiver.
"In Re 43508914, e.g. 43508914",2026-06-25,entrepreneur in the field of agricultural technology,entrepreneur_business_plan,dismissed,1,P1_NATIONAL_IMPORTANCE_NOT_SHOWN,"The AAO found the Petitioner did not establish that his proposed endeavor has national importance, dismissing the appeal."
In Re 43489071,2026-06-25,information security analyst,employed_professional,dismissed,1,P1_NATIONAL_IMPORTANCE_NOT_SHOWN,"The AAO found that the petitioner did not sufficiently demonstrate the national importance of his proposed endeavor, focusing on the lack of evidence showing its prospective impact."
In Re 37736612,2026-06-26,research specialist in the food science field,employed_professional,dismissed,2,,The AAO found the Petitioner not well-positioned to advance her proposed endeavor based on insufficient evidence of progress and lack of relevant customer or funding support.
In Re 40716347,2026-06-29,Product Security Specialist,employed_professional,dismissed,multiple,P1_NATIONAL_IMPORTANCE_NOT_SHOWN;P3_BALANCE_NOT_IN_US_FAVOR,"The AAO found that the proposed endeavor did not have significant impact on employment or economic benefits for the US, and thus did not meet the prongs for national importance and benefit to the US."
In Re 40794621,2026-06-29,employed_professional,employed_professional,dismissed,1,P1_NATIONAL_IMPORTANCE_NOT_SHOWN,"The AAO found that the proposed endeavor did not have a significant national importance, as USCIS did not correctly consider all the evidence in its totality and instead focused on the field's impact rather than the specific endeavor. The AAO also noted insufficient evidence regarding projected economic impacts and job creation."
In Re 39584244,2026-06-29,mechanical engineer and project manager,employed_professional,dismissed,1,P1_NATIONAL_IMPORTANCE_NOT_SHOWN,"The AAO ruled the Petitioner did not establish that his proposed endeavor had both substantial merit and national importance, thus failing the first prong of the Dhanasar framework."
In Re 40783433,2026-06-29,employed professional,employed_professional,dismissed,multiple,P1_NATIONAL_IMPORTANCE_NOT_SHOWN;P1_FIELD_VS_ENDEAVOR_CONFLATION;P1_ECONOMIC_PROJECTIONS_UNSUPPORTED;P1_DEPRESSED_AREA_ARGUMENT_REJECTED;P1_SHORTAGE_ARGUMENT_REJECTED;P2_POSITIONING_INSUFFICIENT;P2_PAST_ACHIEVEMENTS_NOT_PROBATIVE;P2_PLAN_VAGUE_OR_NOT_ACTIONABLE;P3_BALANCE_NOT_IN_US_FAVOR,"The AAO dismissed the appeal because the Petitioner failed to establish national importance for his endeavor in supply chain management within the oil and gas industry, despite having an advanced degree. The petition was also deficient due to issues with the signatures on the appeal forms and the improper application of certain policies."
43519208,2026-06-30,entrepreneur,entrepreneur_business_plan,remanded,none,P1_NATIONAL_IMPORTANCE_NOT_SHOWN,"The AAO dismissed the appeal because the initial evidence supporting EB-2 classification as an individual of exceptional ability was not submitted and is now resubmitted on motion, which allows remanding for a new decision."
In Re 40527275,2026-06-30,Senior Manager of Pavements at I lfor ._______.....13,employed_professional,dismissed,multiple,P1_NATIONAL_IMPORTANCE_NOT_SHOWN;P2_POSITIONING_INSUFFICIENT;EVIDENCE_INSUFFICIENT_CORROBORATION,"The AAO determined that the Petitioner failed to show he is well-positioned to advance his proposed endeavor and has not demonstrated eligibility for a national interest waiver, as required by the second prong of Dhanasar. The AAO dismissed the appeal due to insufficient evidence supporting these requirements."
In Re 43355126,2026-07-07,software developer,employed_professional,dismissed,2,P1_NATIONAL_IMPORTANCE_NOT_SHOWN;P1_FIELD_VS_ENDEAVOR_CONFLATION;P3_BALANCE_NOT_IN_US_FAVOR,The AAO dismissed the appeal because the Petitioner failed to demonstrate its continuing ability to pay the proffered wage from the petition's priority date until the beneficiary obtained U.S. permanent residence.
In Re 43616122,2026-07-07,bioengineer,employed_professional,dismissed,2,P2_POSITIONING_INSUFFICIENT,"The AAO ruled that the petitioner was not well-positioned to advance his proposed research due to insufficient evidence demonstrating how his research has influenced the field, and he did not establish a record of success in related efforts."
37957784,2026-07-07,biomechanical engineer and researcher,researcher_academic,dismissed,1,P1_NATIONAL_IMPORTANCE_NOT_SHOWN;P1_FIELD_VS_ENDEAVOR_CONFLATION,"The AAO found that the Petitioner did not establish that his proposed endeavor has substantial merit and national importance, nor was he well-positioned to advance it. The AAO concluded his employment within the company provided insufficient evidence of potential impact on a broader scale."
In Re 40796279,2026-07-07,designer of mathematical education programs,employed_professional,dismissed,multiple,P1_NATIONAL_IMPORTANCE_NOT_SHOWN;P2_POSITIONING_INSUFFICIENT;P3_BALANCE_NOT_IN_US_FAVOR,"The USCIS denied the petition because the Petitioner failed to demonstrate that his proposed endeavor had significant potential to employ U.S. workers or generate substantial economic benefits, and thus did not meet the national importance criteria as outlined in Dhanasar v. INS."
37779459,2026-07-07,entomology professor,researcher_academic,dismissed,1,P1_NATIONAL_IMPORTANCE_NOT_SHOWN,"The USCIS decision found that the proposed endeavor's national importance was not established by a preponderance of evidence, and thus the AAO dismissed the appeal."
In Re 40777430,2026-07-07,electrical engineer,employed_professional,dismissed,1,P1_NATIONAL_IMPORTANCE_NOT_SHOWN;P1_FIELD_VS_ENDEAVOR_CONFLATION,"The AAO found that while the endeavor has substantial merit, it did not demonstrate its national importance. The Petitioner failed to clearly outline how his proposed endeavor would benefit national interests."
In Re 42784737,2026-07-08,social worker,employed_professional,dismissed,1,P1_NATIONAL_IMPORTANCE_NOT_SHOWN;EVIDENCE_INSUFFICIENT_CORROBORATION,"The AAO found that the evidence did not demonstrate the national importance of the social worker's proposed endeavor, and thus denied the national interest waiver request."
In Re 42219444,2026-07-08,data analyst and digital signal processing engineer,employed_professional,dismissed,1,P1_NATIONAL_IMPORTANCE_NOT_SHOWN;P2_PLAN_VAGUE_OR_NOT_ACTIONABLE,"The AAO ruled the Petitioner did not demonstrate that his endeavor had significant national importance or that he was well-positioned to advance it, failing both first and second prongs of the Dhanasar analytical framework."
In Re 42219892,2026-07-08,digital transformation and cybersecurity,employed_professional,dismissed,1,P1_NATIONAL_IMPORTANCE_NOT_SHOWN;P2_POSITIONING_INSUFFICIENT;PROCEDURAL_OTHER,"The AAO found that while the Petitioner's proposed endeavor had potential impact on cybersecurity in manufacturing sectors, the evidence did not show its broader national importance. The job offering requirement was thus upheld."
In Re 42929154,2026-07-08,systems engineer,employed_professional,dismissed,1,P2_POSITIONING_INSUFFICIENT;EVIDENCE_INSUFFICIENT_CORROBORATION,"The AAO dismissed the appeal because the Petitioner failed to demonstrate that his endeavor had substantial positive economic effects or impacts, and did not provide sufficient evidence supporting his claims."
In Re 42395220,2026-07-08,aesthetician,employed_professional,dismissed,1,P1_NATIONAL_IMPORTANCE_NOT_SHOWN;P2_POSITIONING_INSUFFICIENT;EVIDENCE_INSUFFICIENT_CORROBORATION,"The AAO found that the proposed endeavor did not have significant potential to employ U.S. workers or offer substantial positive economic effects, which is a requirement under the Dhanasar analytical framework."
In Re 42218573,2026-07-09,researcher and professor,researcher_academic,dismissed,multiple,P1_DEPRESSED_AREA_ARGUMENT_REJECTED;P2_PLAN_VAGUE_OR_NOT_ACTIONABLE;P3_BALANCE_NOT_IN_US_FAVOR;EVIDENCE_INSUFFICIENT_CORROBORATION;PROCEDURAL_NEW_EVIDENCE_ON_APPEAL,The AAO dismissed the appeal because the Petitioner's proposed endeavor could not be sufficiently defined to demonstrate national importance and there was insufficient evidence to support its claim of broad implications.
In Re 43239541,2026-07-10,lawyer and entrepreneur,entrepreneur_business_plan,dismissed,none,P1_NATIONAL_IMPORTANCE_NOT_SHOWN;P1_FIELD_VS_ENDEAVOR_CONFLATION;P1_DEPRESSED_AREA_ARGUMENT_REJECTED;P1_SHORTAGE_ARGUMENT_REJECTED;P2_POSITIONING_INSUFFICIENT;P2_PLAN_VAGUE_OR_NOT_ACTIONABLE;PROCEDURAL_OTHER,
In Re 41020624,2026-07-13,SAP consultant,employed_professional,dismissed,1,P1_NATIONAL_IMPORTANCE_NOT_SHOWN,"The AAO found that while the endeavor was merited and had substantial merit, it did not have national importance. The AAO concluded that the evidence provided insufficient proof of how the endeavor would positively impact national interests."
In Re 40138466,2026-08-08,fitness and wellness coordinator,employed_professional,dismissed,none,P1_NATIONAL_IMPORTANCE_NOT_SHOWN;P2_POSITIONING_INSUFFICIENT,"Despite qualifying for the underlying EB-2 visa classification based on exceptional ability, the AAO found insufficient evidence to support the Petitioner's eligibility due to lack of substantial merit and national importance in his proposed endeavor."
In Re 41015636,2026-08-08,member of the professions holding an advanced degree in computer science,researched_academic,dismissed,multiple,P1_NATIONAL_IMPORTANCE_NOT_SHOWN;P1_SHORTAGE_ARGUMENT_REJECTED;P2_POSITIONING_INSUFFICIENT;P3_BALANCE_NOT_IN_US_FAVOR;PROCEDURAL_OTHER,"The AAO found insufficient evidence demonstrating that the Petitioner's endeavor has substantial merit, national importance, or that he is well-positioned to advance his proposed endeavor, rejecting arguments for a national interest waiver."
In Re 43195953,2026-08-08,mining engineer,employed_professional,dismissed,1,,"The AAO found that the Petitioner did not sufficiently establish the national importance of his proposed endeavor, focusing on whether it had broader implications beyond just benefiting his current employer."
In Re 40785131,2026-08-11,labor relations expert and entrepreneur in the field of workforce management and employee relations,entrepreneur_business_plan,dismissed,multiple,P1_NATIONAL_IMPORTANCE_NOT_SHOWN;PROCEDURAL_NEW_EVIDENCE_ON_APPEAL,"The AAO dismissed the appeal because the Petitioner failed to demonstrate that his proposed endeavor had both substantial merit and national importance, and did not provide sufficient evidence supporting these claims."
In Re 40777134,2026-09-09,member of the professions holding an advanced degree,employed_professional,dismissed,2,P1_NATIONAL_IMPORTANCE_NOT_SHOWN;P2_POSITIONING_INSUFFICIENT;EVIDENCE_INSUFFICIENT_CORROBORATION;PROCEDURAL_OTHER,"The AAO upheld the USCIS decision, concluding that although the Petitioner qualified for the underlying EB-2 classification as an advanced degree professional, he did not sufficiently demonstrate he is well-positioned to advance his proposed endeavor and lacks evidence of national importance."
In Re 41059924,2026-10-10,computer scientist,employed_professional,dismissed,1,P1_NATIONAL_IMPORTANCE_NOT_SHOWN,"The AAO dismissed the appeal because the Petitioner failed to sufficiently demonstrate that his proposed endeavor had broader implications indicative of national importance, based on the first Dhanasar prong."
In Re 41368002,MAR-05-2026,software engineer and systems researcher,employed_professional,dismissed,multiple,P1_NATIONAL_IMPORTANCE_NOT_SHOWN;P1_FIELD_VS_ENDEAVOR_CONFLATION;P2_POSITIONING_INSUFFICIENT;P3_BALANCE_NOT_IN_US_FAVOR;EVIDENCE_GENERIC_LETTERS;PROCEDURAL_OTHER,"The AAO found that while the Petitioner had established eligibility for the underlying EB-2 visa classification and a waiver of the job offer requirement was sought, he failed to show that he was well-positioned to advance his proposed endeavor, which is required by the second prong of Matter ofDhanasar. The lack of evidence in the record supported this finding."
